link_id,control_id,target_id,target_framework,target_level,target_code,target_label,relationship,property,rationale,review_status,author_response,author_review_scope,mapping_style,target_source_type,audit_verdict,audit_original_property,audit_basis,audit_condition,conditional,audit_relevance,audit_relevance_basis,audit_pass1_property,example_review,example_review_note
GM-GOV-01>RMF:GOVERN-1.5,GM-GOV-01,RMF:GOVERN-1.5,AI RMF 1.0,subcategory,GOVERN 1.5,GOVERN 1.5,supports,example_of,The plan's review cycle and named roles feed the organization's periodic review of its risk management process.,accepted,Accept,random_sample,NIST IR 8477 supportive relationship mapping,guidance,revised,integral_to,"GOVERN 1.5 concerns monitoring and periodic review of the risk management process and its outcomes, not monitoring of the AI system; a per-system monitoring plan feeds that review but is not required for it.",,False,,,,not_applicable,
GM-GOV-01>RMF:MANAGE-4.1,GM-GOV-01,RMF:MANAGE-4.1,AI RMF 1.0,subcategory,MANAGE 4.1,MANAGE 4.1,supports,integral_to,MANAGE 4.1 is the outcome that post-deployment monitoring plans are implemented; a plan covering the system is a component of that outcome.,accepted,Accept; tidy audit basis,census_integral_to,NIST IR 8477 supportive relationship mapping,guidance,supported,integral_to,"MANAGE 4.1 reads 'Post-deployment AI system monitoring plans are implemented'; a plan cannot be implemented unless it exists, so a plan for the system is a component of the outcome.",,False,,,,not_applicable,
GM-GOV-01>RMF:GOVERN-2.1,GM-GOV-01,RMF:GOVERN-2.1,AI RMF 1.0,subcategory,GOVERN 2.1,GOVERN 2.1,supports,example_of,The plan's RACI is one place monitoring roles and lines of communication are documented.,accepted,Accept,random_sample,NIST IR 8477 supportive relationship mapping,guidance,revised,integral_to,GOVERN 2.1 asks that AI risk roles be documented and clear 'throughout the organization'; an enterprise governance charter can achieve this without a per-system RACI.,,False,,,,not_applicable,
GM-GOV-01>RMF:GOVERN-1.3,GM-GOV-01,RMF:GOVERN-1.3,AI RMF 1.0,subcategory,GOVERN 1.3,GOVERN 1.3,supports,example_of,Tiering monitoring intensity by risk sets the level of risk management activity from risk tolerance.,proposed,not_reviewed,not_sampled,NIST IR 8477 supportive relationship mapping,guidance,not_audited,example_of,,,False,,,,keep,"Passes T1–T3: the control's stated activity bears on the element as written, and the rationale matches the source text and the control text."
GM-GOV-01>RMF:GOVERN-1.4,GM-GOV-01,RMF:GOVERN-1.4,AI RMF 1.0,subcategory,GOVERN 1.4,GOVERN 1.4,supports,example_of,A documented plan makes the monitoring process and its outcomes transparent and controlled.,accepted,Accept,random_sample,NIST IR 8477 supportive relationship mapping,guidance,not_audited,example_of,,,False,,,,keep,"Passes T1–T3: the control's stated activity bears on the element as written, and the rationale matches the source text and the control text."
GM-GOV-01>RMF:GOVERN-1.2,GM-GOV-01,RMF:GOVERN-1.2,AI RMF 1.0,subcategory,GOVERN 1.2,GOVERN 1.2,supports,example_of,"Listing validity, fairness, security, and privacy measures in each monitoring plan is one practice through which trustworthy characteristics enter monitoring procedures.",accepted,Accept new rationale,targeted_check,NIST IR 8477 supportive relationship mapping,guidance,not_audited,example_of,,,False,,,,revise,"GOVERN 1.2 concerns organizational policies; a per-system plan is a procedure, not policy."
GM-GOV-01>RMF:MEASURE-4.1,GM-GOV-01,RMF:MEASURE-4.1,AI RMF 1.0,subcategory,MEASURE 4.1,MEASURE 4.1,supports,example_of,The plan documents the measurement approaches chosen for the specific deployment context.,accepted,Accept new rationale,targeted_check,NIST IR 8477 supportive relationship mapping,guidance,not_audited,example_of,,,False,,,,revise,The old rationale said the plan records who was consulted; the control does not require consultation.
GM-GOV-01>HTI:B8.i,GM-GOV-01,HTI:B8.i,ONC HTI-1 (b)(11),source_attribute,(B)(8)(i),Description of process and frequency by which the intervention's validity is monitored over time,supports,example_of,"Where the deploying organization runs validity monitoring, its plan is the process the attribute can describe.",proposed,not_reviewed,not_sampled,NIST IR 8477 supportive relationship mapping,regulatory_disclosure_requirement,revised,integral_to,"(B)(8)(i) requires a description of the process and frequency of validity monitoring; the regulation does not say who monitors, and the description can describe the developer's process. A deployer plan is not required to produce it.",,False,,,,not_applicable,
GM-GOV-01>HTI:B8.iii,GM-GOV-01,HTI:B8.iii,ONC HTI-1 (b)(11),source_attribute,(B)(8)(iii),Description of the process and frequency by which the intervention's fairness is monitored over time,supports,example_of,"Where the deploying organization runs fairness monitoring, its plan is the process the attribute can describe.",proposed,not_reviewed,not_sampled,NIST IR 8477 supportive relationship mapping,regulatory_disclosure_requirement,revised,integral_to,Same as (B)(8)(i): the fairness-monitoring description can describe any party's process.,,False,,,,not_applicable,
GM-GOV-01>A84:XC-TMT-B1,GM-GOV-01,A84:XC-TMT-B1,NIST AI 800-4,crosscutting_barrier,XC-TMT-B1,Monitoring is use-case-specific,supports,example_of,A per-system plan tailors measures to the use case instead of assuming a generic method.,proposed,not_reviewed,not_sampled,NIST IR 8477 supportive relationship mapping,monitoring_challenge,not_audited,example_of,,,False,,,,keep,"Passes T1–T3: the control's stated activity bears on the element as written, and the rationale matches the source text and the control text."
GM-GOV-02>RMF:GOVERN-1.6,GM-GOV-02,RMF:GOVERN-1.6,AI RMF 1.0,subcategory,GOVERN 1.6,GOVERN 1.6,supports,integral_to,GOVERN 1.6 asks for mechanisms to inventory AI systems; recording deployed AI systems in an inventory is what such a mechanism does.,revised,Accept; fix rationale,census_integral_to,NIST IR 8477 supportive relationship mapping,guidance,supported,integral_to,GOVERN 1.6 reads 'Mechanisms are in place to inventory AI systems'; the core (AI systems recorded in an inventory) is what the subcategory names.,,False,,,,not_applicable,
GM-GOV-02>RMF:MAP-2.1,GM-GOV-02,RMF:MAP-2.1,AI RMF 1.0,subcategory,MAP 2.1,MAP 2.1,supports,example_of,"The inventory records the defined task and method of each deployed system, keeping that definition visible after deployment.",accepted,Accept new rationale,targeted_check,NIST IR 8477 supportive relationship mapping,guidance,not_audited,example_of,,,False,,,,revise,MAP 2.1 is about defining tasks and methods (design time); the inventory records them.
GM-GOV-02>CPG:2.A,GM-GOV-02,CPG:2.A,CISA CPG 2.0,goal,2.A,Manage Organizational Assets,supports,example_of,Recording each deployed AI intervention in the asset inventory is one way to bring AI components into the asset-inventory goal.,accepted,Accept,random_sample,NIST IR 8477 supportive relationship mapping,voluntary_practice,revised,integral_to,"Second pass: CPG 2.A requires an inventory of all assets but does not set its granularity. An AI intervention embedded in the EHR can be covered by the EHR's inventory entry without being recorded individually, so recording each AI system is not necessary to the goal.",,False,,,integral_to,not_applicable,
GM-GOV-02>HTI:B1.i,GM-GOV-02,HTI:B1.i,ONC HTI-1 (b)(11),source_attribute,(B)(1)(i),Name and contact information for the intervention developer,supports,example_of,The inventory record keeps the developer's name and contact information current.,proposed,not_reviewed,not_sampled,NIST IR 8477 supportive relationship mapping,regulatory_disclosure_requirement,not_audited,example_of,,,False,,,,keep,"Passes T1–T3: the control's stated activity bears on the element as written, and the rationale matches the source text and the control text."
GM-GOV-02>HTI:B1.iv,GM-GOV-02,HTI:B1.iv,ONC HTI-1 (b)(11),source_attribute,(B)(1)(iv),"Whether the intervention output is a prediction, classification, recommendation, evaluation, analysis, or other type of output",supports,example_of,"The inventory record states the output type (prediction, classification, recommendation, and so on).",proposed,not_reviewed,not_sampled,NIST IR 8477 supportive relationship mapping,regulatory_disclosure_requirement,not_audited,example_of,,,False,,,,keep,"Passes T1–T3: the control's stated activity bears on the element as written, and the rationale matches the source text and the control text."
GM-GOV-02>A84:XC-PC-B1,GM-GOV-02,A84:XC-PC-B1,NIST AI 800-4,crosscutting_barrier,XC-PC-B1,Rapidly shifting landscape across the AI stack,supports,example_of,Version tracking keeps the record current as models and vendors change across the AI stack.,accepted,Accept,random_sample,NIST IR 8477 supportive relationship mapping,monitoring_challenge,not_audited,example_of,,,False,,,,keep,"Passes T1–T3: the control's stated activity bears on the element as written, and the rationale matches the source text and the control text."
GM-GOV-03>CPG:1.D,GM-GOV-03,CPG:1.D,CISA CPG 2.0,goal,1.D,Supply Chain Incident Reporting & Vulnerability Disclosure,supports,integral_to,Contract terms requiring the developer to notify the organization of security incidents and vulnerabilities are this goal's recommended action.,accepted,Accept,census_integral_to,NIST IR 8477 supportive relationship mapping,voluntary_practice,supported,integral_to,"CPG 1.D's Recommended Action is that contracts 'stipulate that vendors and/or service providers notify the procuring customer of security incidents and vulnerabilities'; Scope is third-party vendors. For the AI developer as vendor, the notice clause is the action itself. Only the security-incident and vulnerability clauses are integral; model-change clauses are extras.",,False,,,,not_applicable,
GM-GOV-03>CPG:1.E,GM-GOV-03,CPG:1.E,CISA CPG 2.0,goal,1.E,Manage Risks from Managed Service Providers,supports,example_of,"When the developer hosts or operates the model, these clauses manage risk from a managed service provider.",proposed,not_reviewed,not_sampled,NIST IR 8477 supportive relationship mapping,voluntary_practice,not_audited,example_of,,,False,,,,keep,Applies only where the developer hosts or operates the model (conditional on deployment).
GM-GOV-03>RMF:GOVERN-6.1,GM-GOV-03,RMF:GOVERN-6.1,AI RMF 1.0,subcategory,GOVERN 6.1,GOVERN 6.1,supports,example_of,Contract terms that oblige the developer to disclose changes put third-party AI risk policy into practice.,proposed,not_reviewed,not_sampled,NIST IR 8477 supportive relationship mapping,guidance,not_audited,example_of,,,False,,,,keep,"Passes T1–T3: the control's stated activity bears on the element as written, and the rationale matches the source text and the control text."
GM-GOV-03>RMF:GOVERN-6.2,GM-GOV-03,RMF:GOVERN-6.2,AI RMF 1.0,subcategory,GOVERN 6.2,GOVERN 6.2,supports,example_of,Contractual notice of developer incidents is an input to contingency processes for third-party AI failures.,accepted,Accept new rationale,targeted_check,NIST IR 8477 supportive relationship mapping,guidance,not_audited,example_of,,,False,,,,revise,'Remedy clauses' are not in the control.
GM-GOV-03>RMF:MANAGE-3.1,GM-GOV-03,RMF:MANAGE-3.1,AI RMF 1.0,subcategory,MANAGE 3.1,MANAGE 3.1,supports,example_of,Contractual notice of developer changes is one input to regular monitoring of third-party AI risk.,proposed,not_reviewed,not_sampled,NIST IR 8477 supportive relationship mapping,guidance,revised,integral_to,"MANAGE 3.1 asks that third-party AI risks be regularly monitored; the deployer can monitor through its own testing (GM-FUN-02, GM-FUN-03) without contractual notice.",,False,,,,not_applicable,
GM-GOV-03>RMF:MAP-4.2,GM-GOV-03,RMF:MAP-4.2,AI RMF 1.0,subcategory,MAP 4.2,MAP 4.2,supports,example_of,Contract obligations are one internal risk control for third-party AI components.,proposed,not_reviewed,not_sampled,NIST IR 8477 supportive relationship mapping,guidance,not_audited,example_of,,,False,,,,keep,"Passes T1–T3: the control's stated activity bears on the element as written, and the rationale matches the source text and the control text."
GM-GOV-03>HTI:B6.i,GM-GOV-03,HTI:B6.i,ONC HTI-1 (b)(11),source_attribute,(B)(6)(i),"Description of the data source, clinical setting, or environment where an intervention's validity and fairness has been assessed, other than the source of training and testing data",supports,example_of,New external validation settings are delivered under the contract's clause requiring notice of new validation results.,revised,Accept all three; reword,random_sample,NIST IR 8477 supportive relationship mapping,regulatory_disclosure_requirement,not_audited,example_of,,,False,,,,keep,"Passes T1–T3: the control's stated activity bears on the element as written, and the rationale matches the source text and the control text."
GM-GOV-03>HTI:B6.ii,GM-GOV-03,HTI:B6.ii,ONC HTI-1 (b)(11),source_attribute,(B)(6)(ii),Party that conducted the external testing,supports,example_of,The party conducting new external testing is reported under the contract's clause requiring notice of new validation results.,proposed,not_reviewed,not_sampled,NIST IR 8477 supportive relationship mapping,regulatory_disclosure_requirement,not_audited,example_of,,,False,,,,keep,"Passes T1–T3: the control's stated activity bears on the element as written, and the rationale matches the source text and the control text."
GM-GOV-03>HTI:B6.iii,GM-GOV-03,HTI:B6.iii,ONC HTI-1 (b)(11),source_attribute,(B)(6)(iii),"Description of demographic representativeness of external data according to variables in paragraph (b)(11)(iv)(A)(5)-(13) including, at a minimum, those used as input features in the intervention",supports,example_of,Demographic representativeness of new external data is reported under the contract's clause requiring notice of new validation results.,revised,Accept all three; reword,random_sample,NIST IR 8477 supportive relationship mapping,regulatory_disclosure_requirement,not_audited,example_of,,,False,,,,keep,"Passes T1–T3: the control's stated activity bears on the element as written, and the rationale matches the source text and the control text."
GM-GOV-03>HTI:B6.iv,GM-GOV-03,HTI:B6.iv,ONC HTI-1 (b)(11),source_attribute,(B)(6)(iv),Description of external validation process,supports,example_of,Descriptions of new external validation processes are delivered under the contract's clause requiring notice of new validation results.,proposed,not_reviewed,not_sampled,NIST IR 8477 supportive relationship mapping,regulatory_disclosure_requirement,not_audited,example_of,,,False,,,,keep,"Passes T1–T3: the control's stated activity bears on the element as written, and the rationale matches the source text and the control text."
GM-GOV-03>HTI:B7.iii,GM-GOV-03,HTI:B7.iii,ONC HTI-1 (b)(11),source_attribute,(B)(7)(iii),Validity of intervention in data external to or from a different source than the initial training data,supports,example_of,New external validity results are delivered under the contract's clause requiring notice of new validation results.,proposed,not_reviewed,not_sampled,NIST IR 8477 supportive relationship mapping,regulatory_disclosure_requirement,not_audited,example_of,,,False,,,,keep,"Passes T1–T3: the control's stated activity bears on the element as written, and the rationale matches the source text and the control text."
GM-GOV-03>HTI:B7.iv,GM-GOV-03,HTI:B7.iv,ONC HTI-1 (b)(11),source_attribute,(B)(7)(iv),Fairness of intervention in data external to or from a different source than the initial training data,supports,example_of,New external fairness results are delivered under the contract's clause requiring notice of new validation results.,revised,Accept all three; reword,random_sample,NIST IR 8477 supportive relationship mapping,regulatory_disclosure_requirement,not_audited,example_of,,,False,,,,keep,"Passes T1–T3: the control's stated activity bears on the element as written, and the rationale matches the source text and the control text."
GM-GOV-03>HTI:B9.i,GM-GOV-03,HTI:B9.i,ONC HTI-1 (b)(11),source_attribute,(B)(9)(i),Description of process and frequency by which the intervention is updated,supports,example_of,Developer notices of model updates show how often the intervention is actually updated.,accepted,Accept new rationale,targeted_check,NIST IR 8477 supportive relationship mapping,regulatory_disclosure_requirement,not_audited,example_of,,,False,,,,revise,The control is a notice clause; the update process itself is not a contract term in the control.
GM-GOV-03>A84:XC-VT-G2,GM-GOV-03,A84:XC-VT-G2,NIST AI 800-4,crosscutting_gap,XC-VT-G2,Immature information sharing ecosystem,supports,example_of,Contractual notice builds a working information-sharing channel between developer and deployer.,proposed,not_reviewed,not_sampled,NIST IR 8477 supportive relationship mapping,monitoring_challenge,not_audited,example_of,,,False,,,,keep,"Passes T1–T3: the control's stated activity bears on the element as written, and the rationale matches the source text and the control text."
GM-GOV-04>CPG:1.C,GM-GOV-04,CPG:1.C,CISA CPG 2.0,goal,1.C,Manage Incident Response Plans,supports,example_of,Adding AI compromise scenarios to the IR plan is one way to cover organizationally specific threats.,accepted,Accept as conditional,census_conditional,NIST IR 8477 supportive relationship mapping,voluntary_practice,unresolved,integral_to,"CPG 1.C asks for IR plans covering 'common and organizationally specific ... threat scenarios'. Whether compromise of an AI model or its data is an organizationally specific scenario is a risk judgment the deploying organization makes; CPG 1.C also covers only cybersecurity incidents, while GM-GOV-04 adds non-cyber AI incidents.",integral_to for the cybersecurity subset (model or data compromise) if the author judges that subset an organizationally specific threat scenario for the intended deployers.,True,supported,"CPG 1.C's action is to develop and regularly exercise IR plans for 'common and organizationally specific ... threat scenarios'. GM-GOV-04 adds AI scenarios, including compromise of the model or its data, to the IR plan and exercises one annually. The cybersecurity subset of the control is relevant; non-cyber AI incidents are outside CPG 1.C.",,not_applicable,
GM-GOV-04>CPG:5.A,GM-GOV-04,CPG:5.A,CISA CPG 2.0,goal,5.A,Establish Incident Communication Procedures,supports,example_of,The AI annex adds AI-specific stakeholders to the incident communications plan.,accepted,Accept,targeted_check,NIST IR 8477 supportive relationship mapping,voluntary_practice,revised,integral_to,CPG 5.A asks for an organization-wide incident communications plan; a general plan covers incidents affecting the AI system without an AI-specific annex.,,False,,,,not_applicable,
GM-GOV-04>CPG:5.B,GM-GOV-04,CPG:5.B,CISA CPG 2.0,goal,5.B,Establish Incident Reporting Procedures,supports,example_of,"The AI annex makes explicit that confirmed cybersecurity incidents involving the AI system (for example, compromise of the model or its data) are reported under the general policy.",revised,Accept; reword to cyber scope,targeted_check,NIST IR 8477 supportive relationship mapping,voluntary_practice,revised,integral_to,CPG 5.B asks for policy on reporting 'all confirmed cybersecurity incidents'; a general reporting policy already covers confirmed incidents involving the AI system.,,False,,,,not_applicable,
GM-GOV-04>CPG:6.A,GM-GOV-04,CPG:6.A,CISA CPG 2.0,goal,6.A,Incident Planning and Preparedness,supports,example_of,Updating the AI annex after each AI incident is one way to refine the incident response plan from lessons learned.,revised,Accept; replace rationale,targeted_check,NIST IR 8477 supportive relationship mapping,voluntary_practice,revised,integral_to,CPG 6.A asks for recovery plans for assets impacted by a cybersecurity incident; general recovery planning can cover the AI system without AI-specific steps.,,False,,,,not_applicable,
GM-GOV-04>RMF:MANAGE-4.3,GM-GOV-04,RMF:MANAGE-4.3,AI RMF 1.0,subcategory,MANAGE 4.3,MANAGE 4.3,supports,example_of,An AI annex to the IR plan is one documented process for responding to and recovering from AI incidents.,proposed,not_reviewed,not_sampled,NIST IR 8477 supportive relationship mapping,guidance,revised,integral_to,"MANAGE 4.3 requires processes for tracking, responding to, and recovering from incidents to be followed and documented; a separate AI or patient-safety incident process could satisfy it without an annex to the IR plan.",,False,,,,not_applicable,
GM-GOV-04>RMF:MANAGE-2.3,GM-GOV-04,RMF:MANAGE-2.3,AI RMF 1.0,subcategory,MANAGE 2.3,MANAGE 2.3,supports,example_of,Responding to a newly found AI risk follows the plan's AI procedures.,proposed,not_reviewed,not_sampled,NIST IR 8477 supportive relationship mapping,guidance,not_audited,example_of,,,False,,,,keep,"Passes T1–T3: the control's stated activity bears on the element as written, and the rationale matches the source text and the control text."
GM-GOV-04>RMF:MANAGE-4.1,GM-GOV-04,RMF:MANAGE-4.1,AI RMF 1.0,subcategory,MANAGE 4.1,MANAGE 4.1,supports,example_of,Incident response and recovery are named parts of a post-deployment monitoring plan.,accepted,Accept,random_sample,NIST IR 8477 supportive relationship mapping,guidance,not_audited,example_of,,,False,,,,keep,"Passes T1–T3: the control's stated activity bears on the element as written, and the rationale matches the source text and the control text."
GM-GOV-04>RMF:GOVERN-4.3,GM-GOV-04,RMF:GOVERN-4.3,AI RMF 1.0,subcategory,GOVERN 4.3,GOVERN 4.3,supports,example_of,A planned AI incident pathway lets teams identify and handle incidents.,proposed,not_reviewed,not_sampled,NIST IR 8477 supportive relationship mapping,guidance,not_audited,example_of,,,False,,,,keep,"Passes T1–T3: the control's stated activity bears on the element as written, and the rationale matches the source text and the control text."
GM-GOV-04>A84:XC-TMT-G1,GM-GOV-04,A84:XC-TMT-G1,NIST AI 800-4,crosscutting_gap,XC-TMT-G1,Lack of trusted guidelines or standards for methods and tools,supports,example_of,AI 800-4 (section 3.1.1) reports missing guidance on what to do when an anomaly is detected; the annex supplies that pathway.,proposed,not_reviewed,not_sampled,NIST IR 8477 supportive relationship mapping,monitoring_challenge,not_audited,example_of,,,False,,,,keep,Grounded in AI 800-4 section 3.1.1 text on missing guidance for 'what the plan is for when an anomaly is detected'.
GM-GOV-05>RMF:GOVERN-4.2,GM-GOV-05,RMF:GOVERN-4.2,AI RMF 1.0,subcategory,GOVERN 4.2,GOVERN 4.2,supports,example_of,A findings-sharing policy is one way to communicate risks and impacts more broadly.,proposed,not_reviewed,not_sampled,NIST IR 8477 supportive relationship mapping,guidance,revised,integral_to,GOVERN 4.2 asks teams to document risks and 'communicate about the impacts more broadly'; broader communication does not require an external findings-sharing policy.,,False,,,,not_applicable,
GM-GOV-05>RMF:GOVERN-4.3,GM-GOV-05,RMF:GOVERN-4.3,AI RMF 1.0,subcategory,GOVERN 4.3,GOVERN 4.3,supports,example_of,An external sharing policy is one practice that enables information sharing about AI incidents and testing.,proposed,not_reviewed,not_sampled,NIST IR 8477 supportive relationship mapping,guidance,revised,integral_to,GOVERN 4.3 asks for practices that enable 'information sharing' without saying with whom; internal sharing practices satisfy it without an external policy.,,False,,,,not_applicable,
GM-GOV-05>RMF:MANAGE-4.3,GM-GOV-05,RMF:MANAGE-4.3,AI RMF 1.0,subcategory,MANAGE 4.3,MANAGE 4.3,supports,example_of,Sharing findings is one way incidents and errors reach relevant AI actors.,proposed,not_reviewed,not_sampled,NIST IR 8477 supportive relationship mapping,guidance,not_audited,example_of,,,False,,,,keep,"Passes T1–T3: the control's stated activity bears on the element as written, and the rationale matches the source text and the control text."
GM-GOV-05>A84:XC-VT-G2,GM-GOV-05,A84:XC-VT-G2,NIST AI 800-4,crosscutting_gap,XC-VT-G2,Immature information sharing ecosystem,supports,example_of,Deployers sharing findings is one contribution to a more mature information-sharing ecosystem.,proposed,not_reviewed,not_sampled,NIST IR 8477 supportive relationship mapping,monitoring_challenge,revised,integral_to,"AI 800-4 rule: a challenge has no completion condition, so no control is necessary to it.",,False,,,,not_applicable,
GM-GOV-05>A84:XC-IOC-B2,GM-GOV-05,A84:XC-IOC-B2,NIST AI 800-4,crosscutting_barrier,XC-IOC-B2,Lower prioritization for ecosystem-wide transparency,supports,example_of,A standing policy gives ecosystem-wide transparency a set place in operations.,proposed,not_reviewed,not_sampled,NIST IR 8477 supportive relationship mapping,monitoring_challenge,not_audited,example_of,,,False,,,,keep,"Passes T1–T3: the control's stated activity bears on the element as written, and the rationale matches the source text and the control text."
GM-GOV-05>A84:LSI-G2,GM-GOV-05,A84:LSI-G2,NIST AI 800-4,category_gap,LSI-G2,Capturing large-scale impacts within incident logging,supports,example_of,Shared incident reports let large-scale patterns appear that a single deployer's log would miss.,proposed,not_reviewed,not_sampled,NIST IR 8477 supportive relationship mapping,monitoring_challenge,not_audited,example_of,,,False,,,,keep,"Passes T1–T3: the control's stated activity bears on the element as written, and the rationale matches the source text and the control text."
GM-GOV-05>HTI:B3.ii,GM-GOV-05,HTI:B3.ii,ONC HTI-1 (b)(11),source_attribute,(B)(3)(ii),"Known risks, inappropriate settings, inappropriate uses, or known limitations",supports,example_of,Shared findings return newly found risks and limitations to the developer for the source-attribute record.,proposed,not_reviewed,not_sampled,NIST IR 8477 supportive relationship mapping,regulatory_disclosure_requirement,not_audited,example_of,,,False,,,,keep,"Passes T1–T3: the control's stated activity bears on the element as written, and the rationale matches the source text and the control text."
GM-GOV-05>HTI:B7.v,GM-GOV-05,HTI:B7.v,ONC HTI-1 (b)(11),source_attribute,(B)(7)(v),"References to evaluation of use of the intervention on outcomes, including, bibliographic citations or hyperlinks to evaluations of how well the intervention reduced morbidity, mortality, length of stay, or other outcomes",supports,example_of,Sharing local outcome evaluations adds to the evidence base the attribute references.,accepted,Accept,random_sample,NIST IR 8477 supportive relationship mapping,regulatory_disclosure_requirement,not_audited,example_of,,,False,,,,keep,"Passes T1–T3: the control's stated activity bears on the element as written, and the rationale matches the source text and the control text."
GM-GOV-06>RMF:GOVERN-2.2,GM-GOV-06,RMF:GOVERN-2.2,AI RMF 1.0,subcategory,GOVERN 2.2,GOVERN 2.2,supports,example_of,System-specific training for monitoring staff and users is one form of AI risk management training that enables them to perform their duties.,proposed,not_reviewed,not_sampled,NIST IR 8477 supportive relationship mapping,guidance,revised,integral_to,"Second pass: GOVERN 2.2 asks for AI risk management training that enables personnel to perform their duties. General AI risk management training could meet it, so system-specific training is not necessary.",,False,,,integral_to,not_applicable,
GM-GOV-06>RMF:MAP-3.4,GM-GOV-06,RMF:MAP-3.4,AI RMF 1.0,subcategory,MAP 3.4,MAP 3.4,supports,example_of,System-specific training is one process for establishing operator and practitioner proficiency.,accepted,Accept,random_sample,NIST IR 8477 supportive relationship mapping,guidance,revised,integral_to,"MAP 3.4 asks that 'processes for operator and practitioner proficiency' be defined, assessed, and documented; proficiency can be established by competency assessment or credentialing instead of training.",,False,,,,not_applicable,
GM-GOV-06>RMF:MANAGE-2.1,GM-GOV-06,RMF:MANAGE-2.1,AI RMF 1.0,subcategory,MANAGE 2.1,MANAGE 2.1,supports,example_of,A monitoring budget is one way resources required to manage AI risk are taken into account.,proposed,not_reviewed,not_sampled,NIST IR 8477 supportive relationship mapping,guidance,revised,integral_to,"MANAGE 2.1 asks that resources be 'taken into account'; a monitoring budget line is one way, not the only one.",,False,,,,not_applicable,
GM-GOV-06>A84:XC-RR-B1,GM-GOV-06,A84:XC-RR-B1,NIST AI 800-4,crosscutting_barrier,XC-RR-B1,Financial costs and compute/human resources,supports,example_of,"A monitoring budget makes financial, compute, and human resource costs explicit.",accepted,Accept,random_sample,NIST IR 8477 supportive relationship mapping,monitoring_challenge,revised,integral_to,AI 800-4 rule.,,False,,,,not_applicable,
GM-GOV-06>A84:XC-RR-B2,GM-GOV-06,A84:XC-RR-B2,NIST AI 800-4,crosscutting_barrier,XC-RR-B2,Hiring and training qualified AI experts,supports,example_of,Training and staffing plans address the shortage of qualified monitoring staff.,proposed,not_reviewed,not_sampled,NIST IR 8477 supportive relationship mapping,monitoring_challenge,not_audited,example_of,,,False,,,,keep,"Passes T1–T3: the control's stated activity bears on the element as written, and the rationale matches the source text and the control text."
GM-GOV-06>A84:XC-PC-B2,GM-GOV-06,A84:XC-PC-B2,NIST AI 800-4,crosscutting_barrier,XC-PC-B2,Scaling human-driven monitoring alongside rapid rollouts,supports,example_of,Planned staffing keeps human review capacity in step with rollouts.,proposed,not_reviewed,not_sampled,NIST IR 8477 supportive relationship mapping,monitoring_challenge,not_audited,example_of,,,False,,,,keep,"Passes T1–T3: the control's stated activity bears on the element as written, and the rationale matches the source text and the control text."
GM-GOV-06>A84:XC-IOC-B3,GM-GOV-06,A84:XC-IOC-B3,NIST AI 800-4,crosscutting_barrier,XC-IOC-B3,Administrative burden,supports,example_of,Budgeting for tooling and automation lowers the administrative burden of monitoring.,proposed,not_reviewed,not_sampled,NIST IR 8477 supportive relationship mapping,monitoring_challenge,not_audited,example_of,,,False,,,,keep,"Passes T1–T3: the control's stated activity bears on the element as written, and the rationale matches the source text and the control text."
GM-GOV-07>RMF:MEASURE-1.3,GM-GOV-07,RMF:MEASURE-1.3,AI RMF 1.0,subcategory,MEASURE 1.3,MEASURE 1.3,supports,example_of,An assessor independent of both the build and operate teams is one way to involve experts who did not serve as front-line developers in regular assessments.,proposed,not_reviewed,not_sampled,NIST IR 8477 supportive relationship mapping,guidance,revised,integral_to,"Second pass: MEASURE 1.3 is met by 'internal experts who did not serve as front-line developers', which includes members of the operating team. GM-GOV-07 excludes the operating team, so its core is sufficient but not necessary.",,False,,,integral_to,not_applicable,
GM-GOV-07>RMF:MEASURE-2.13,GM-GOV-07,RMF:MEASURE-2.13,AI RMF 1.0,subcategory,MEASURE 2.13,MEASURE 2.13,supports,example_of,The review evaluates how effective the monitoring metrics and processes are.,accepted,Accept,random_sample,NIST IR 8477 supportive relationship mapping,guidance,not_audited,example_of,,,False,,,,keep,"Passes T1–T3: the control's stated activity bears on the element as written, and the rationale matches the source text and the control text."
GM-GOV-07>RMF:MEASURE-1.2,GM-GOV-07,RMF:MEASURE-1.2,AI RMF 1.0,subcategory,MEASURE 1.2,MEASURE 1.2,supports,example_of,The review regularly reassesses whether metrics are appropriate and controls effective.,proposed,not_reviewed,not_sampled,NIST IR 8477 supportive relationship mapping,guidance,not_audited,example_of,,,False,,,,keep,"Passes T1–T3: the control's stated activity bears on the element as written, and the rationale matches the source text and the control text."
GM-GOV-07>RMF:MEASURE-4.2,GM-GOV-07,RMF:MEASURE-4.2,AI RMF 1.0,subcategory,MEASURE 4.2,MEASURE 4.2,supports,example_of,The assessor's review is one source of expert input on whether the system performs as intended.,proposed,not_reviewed,not_sampled,NIST IR 8477 supportive relationship mapping,guidance,not_audited,example_of,,,False,,,,keep,"Passes T1–T3: the control's stated activity bears on the element as written, and the rationale matches the source text and the control text."
GM-GOV-07>A84:XC-TMT-B2,GM-GOV-07,A84:XC-TMT-B2,NIST AI 800-4,crosscutting_barrier,XC-TMT-B2,Uncertainty and variability in results from models,supports,example_of,The review examines measurement uncertainty and variability in monitoring results.,proposed,not_reviewed,not_sampled,NIST IR 8477 supportive relationship mapping,monitoring_challenge,not_audited,example_of,,,False,,,,keep,"Passes T1–T3: the control's stated activity bears on the element as written, and the rationale matches the source text and the control text."
GM-FUN-01>A84:FUN-G2,GM-FUN-01,A84:FUN-G2,NIST AI 800-4,category_gap,FUN-G2,Establishing performance baselines and thresholds,supports,example_of,Recording a local baseline with deviation thresholds is one response to the baseline-and-threshold gap.,accepted,Accept,random_sample,NIST IR 8477 supportive relationship mapping,monitoring_challenge,revised,integral_to,AI 800-4 rule.,,False,,,,not_applicable,
GM-FUN-01>A84:FUN,GM-FUN-01,A84:FUN,NIST AI 800-4,monitoring_category,FUN,Functionality Monitoring,supports,example_of,A baseline is one reference point for functionality monitoring.,proposed,not_reviewed,not_sampled,NIST IR 8477 supportive relationship mapping,monitoring_challenge,revised,integral_to,AI 800-4 rule; the category is defined 'for example'.,,False,,,,not_applicable,
GM-FUN-01>RMF:MEASURE-1.1,GM-FUN-01,RMF:MEASURE-1.1,AI RMF 1.0,subcategory,MEASURE 1.1,MEASURE 1.1,supports,example_of,"Choosing baseline metrics, and recording risks left unmeasured, is part of selecting measurement approaches.",proposed,not_reviewed,not_sampled,NIST IR 8477 supportive relationship mapping,guidance,revised,integral_to,MEASURE 1.1 asks that measurement approaches be selected and unmeasurable risks documented; this can happen without a local baseline or silent trial.,,False,,,,not_applicable,
GM-FUN-01>RMF:MEASURE-2.3,GM-FUN-01,RMF:MEASURE-2.3,AI RMF 1.0,subcategory,MEASURE 2.3,MEASURE 2.3,supports,example_of,A local silent trial measures performance under conditions like the deployment setting.,proposed,not_reviewed,not_sampled,NIST IR 8477 supportive relationship mapping,guidance,revised,integral_to,MEASURE 2.3 asks for performance demonstrated 'for conditions similar to deployment setting(s)'; external validation in a similar setting can meet this without a local silent trial.,,False,,,,not_applicable,
GM-FUN-01>RMF:MEASURE-2.5,GM-FUN-01,RMF:MEASURE-2.5,AI RMF 1.0,subcategory,MEASURE 2.5,MEASURE 2.5,supports,example_of,The baseline shows the system is valid and reliable locally and records limits on generalizability.,proposed,not_reviewed,not_sampled,NIST IR 8477 supportive relationship mapping,guidance,not_audited,example_of,,,False,,,,keep,"Passes T1–T3: the control's stated activity bears on the element as written, and the rationale matches the source text and the control text."
GM-FUN-01>RMF:MEASURE-2.1,GM-FUN-01,RMF:MEASURE-2.1,AI RMF 1.0,subcategory,MEASURE 2.1,MEASURE 2.1,supports,example_of,"The baseline report documents the test sets, metrics, and tools used.",proposed,not_reviewed,not_sampled,NIST IR 8477 supportive relationship mapping,guidance,not_audited,example_of,,,False,,,,keep,"Passes T1–T3: the control's stated activity bears on the element as written, and the rationale matches the source text and the control text."
GM-FUN-01>RMF:MAP-1.5,GM-FUN-01,RMF:MAP-1.5,AI RMF 1.0,subcategory,MAP 1.5,MAP 1.5,supports,example_of,Numeric deviation thresholds state the organization's risk tolerance for this system.,proposed,not_reviewed,not_sampled,NIST IR 8477 supportive relationship mapping,guidance,not_audited,example_of,,,False,,,,keep,"Passes T1–T3: the control's stated activity bears on the element as written, and the rationale matches the source text and the control text."
GM-FUN-01>RMF:MANAGE-1.1,GM-FUN-01,RMF:MANAGE-1.1,AI RMF 1.0,subcategory,MANAGE 1.1,MANAGE 1.1,supports,example_of,A local baseline informs the determination of whether deployment should proceed.,proposed,not_reviewed,not_sampled,NIST IR 8477 supportive relationship mapping,guidance,revised,precedes,MANAGE 1.1's go/no-go determination can rest on developer or external evidence; a local baseline is not a prerequisite.,,False,,,,not_applicable,
GM-FUN-01>HTI:B7.i,GM-FUN-01,HTI:B7.i,ONC HTI-1 (b)(11),source_attribute,(B)(7)(i),Validity of intervention in test data derived from the same source as the initial training data,supports,example_of,The developer's same-source validity result is checked and recorded as part of the baseline.,accepted,Accept,random_sample,NIST IR 8477 supportive relationship mapping,regulatory_disclosure_requirement,not_audited,example_of,,,False,,,,keep,"Passes T1–T3: the control's stated activity bears on the element as written, and the rationale matches the source text and the control text."
GM-FUN-01>HTI:B7.iii,GM-FUN-01,HTI:B7.iii,ONC HTI-1 (b)(11),source_attribute,(B)(7)(iii),Validity of intervention in data external to or from a different source than the initial training data,supports,example_of,The developer's external validity result is checked and recorded as part of the baseline.,proposed,not_reviewed,not_sampled,NIST IR 8477 supportive relationship mapping,regulatory_disclosure_requirement,not_audited,example_of,,,False,,,,keep,"Passes T1–T3: the control's stated activity bears on the element as written, and the rationale matches the source text and the control text."
GM-FUN-01>HTI:B4.iv,GM-FUN-01,HTI:B4.iv,ONC HTI-1 (b)(11),source_attribute,(B)(4)(iv),Description of relevance of training data to intended deployed setting,supports,example_of,The silent trial tests whether training data are relevant to the local deployed setting.,proposed,not_reviewed,not_sampled,NIST IR 8477 supportive relationship mapping,regulatory_disclosure_requirement,not_audited,example_of,,,False,,,,keep,"Passes T1–T3: the control's stated activity bears on the element as written, and the rationale matches the source text and the control text."
GM-FUN-01>HTI:B8.ii,GM-FUN-01,HTI:B8.ii,ONC HTI-1 (b)(11),source_attribute,(B)(8)(ii),Validity of intervention in local data,supports,example_of,A baseline gives the local validity value a reference for interpretation.,accepted,Accept,random_sample,NIST IR 8477 supportive relationship mapping,regulatory_disclosure_requirement,revised,precedes,(B)(8)(ii) is the value of validity in local data; measuring it needs no baseline (judging it against thresholds does).,,False,,,,not_applicable,
GM-FUN-02>HTI:B8.ii,GM-FUN-02,HTI:B8.ii,ONC HTI-1 (b)(11),source_attribute,(B)(8)(ii),Validity of intervention in local data,supports,integral_to,"A populated local-validity value is a measurement of validity in local data, which is this control's core.",accepted,Accept,census_integral_to,NIST IR 8477 supportive relationship mapping,regulatory_disclosure_requirement,supported,integral_to,"'Validity of intervention in local data' can only be produced by measuring validity in the deploying organization's data, which only the deployer (or someone it gives the data to) can do. Scope note: necessary for a populated, current value (GAP-M's objective); (v)(A)(2) lets the module show this attribute as not available, so the control is not necessary for certification.",,False,,,,not_applicable,
GM-FUN-02>HTI:B8.i,GM-FUN-02,HTI:B8.i,ONC HTI-1 (b)(11),source_attribute,(B)(8)(i),Description of process and frequency by which the intervention's validity is monitored over time,supports,example_of,"Where the deploying organization runs it, local validity monitoring is the process the attribute can describe.",proposed,not_reviewed,not_sampled,NIST IR 8477 supportive relationship mapping,regulatory_disclosure_requirement,revised,integral_to,The process description can describe any party's monitoring process.,,False,,,,not_applicable,
GM-FUN-02>A84:FUN-B1,GM-FUN-02,A84:FUN-B1,NIST AI 800-4,category_barrier,FUN-B1,Detecting performance degradation and drift,supports,example_of,Measuring local validity over time is one way to detect performance degradation.,proposed,not_reviewed,not_sampled,NIST IR 8477 supportive relationship mapping,monitoring_challenge,revised,integral_to,AI 800-4 rule.,,False,,,,not_applicable,
GM-FUN-02>A84:FUN,GM-FUN-02,A84:FUN,NIST AI 800-4,monitoring_category,FUN,Functionality Monitoring,supports,example_of,Local validity monitoring is one form of functionality monitoring.,accepted,Accept,random_sample,NIST IR 8477 supportive relationship mapping,monitoring_challenge,revised,integral_to,AI 800-4 rule.,,False,,,,not_applicable,
GM-FUN-02>RMF:MEASURE-2.4,GM-FUN-02,RMF:MEASURE-2.4,AI RMF 1.0,subcategory,MEASURE 2.4,MEASURE 2.4,supports,example_of,Measuring validity in production is one way to monitor the system's functionality.,accepted,Accept as conditional,census_conditional,NIST IR 8477 supportive relationship mapping,guidance,unresolved,integral_to,"MEASURE 2.4 requires functionality and behavior to be 'monitored when in production'. Behavior can be monitored through proxies (output distributions, alert volumes) without outcome-based validity. Whether a predictive system's 'functionality' can be monitored without measuring validity is a judgment about what the system's function is.","integral_to if the author holds that a predictive intervention's functionality is its predictive validity, so production monitoring of functionality entails measuring validity.",True,supported,MEASURE 2.4 asks that 'the functionality and behavior of the AI system ... are monitored when in production'. Measuring a predictive intervention's validity in local production data is monitoring its functionality.,,not_applicable,
GM-FUN-02>RMF:MEASURE-3.1,GM-FUN-02,RMF:MEASURE-3.1,AI RMF 1.0,subcategory,MEASURE 3.1,MEASURE 3.1,supports,example_of,Local validity results are one factor for tracking emergent risk in the deployed context.,proposed,not_reviewed,not_sampled,NIST IR 8477 supportive relationship mapping,guidance,revised,integral_to,"MEASURE 3.1 tracks risks 'based on factors such as intended and actual performance'; 'such as' makes performance illustrative, not required.",,False,,,,not_applicable,
GM-FUN-02>RMF:MEASURE-2.5,GM-FUN-02,RMF:MEASURE-2.5,AI RMF 1.0,subcategory,MEASURE 2.5,MEASURE 2.5,supports,example_of,Local validity results document how well the system generalizes beyond the conditions under which it was developed.,revised,Accept; reword rationale,random_sample,NIST IR 8477 supportive relationship mapping,guidance,not_audited,example_of,,,False,,,,keep,"Passes T1–T3: the control's stated activity bears on the element as written, and the rationale matches the source text and the control text."
GM-FUN-02>RMF:MEASURE-4.2,GM-FUN-02,RMF:MEASURE-4.2,AI RMF 1.0,subcategory,MEASURE 4.2,MEASURE 4.2,supports,example_of,Local validity results are measurement results on whether the system performs consistently as intended in its deployment context.,accepted,Accept new rationale,targeted_check,NIST IR 8477 supportive relationship mapping,guidance,not_audited,example_of,,,False,,,,revise,Review by domain experts is not in the control.
GM-FUN-02>RMF:MANAGE-2.2,GM-FUN-02,RMF:MANAGE-2.2,AI RMF 1.0,subcategory,MANAGE 2.2,MANAGE 2.2,supports,example_of,Catching degradation early sustains the value of the deployed system.,accepted,Accept,random_sample,NIST IR 8477 supportive relationship mapping,guidance,not_audited,example_of,,,False,,,,keep,"Passes T1–T3: the control's stated activity bears on the element as written, and the rationale matches the source text and the control text."
GM-FUN-03>A84:FUN-B1,GM-FUN-03,A84:FUN-B1,NIST AI 800-4,category_barrier,FUN-B1,Detecting performance degradation and drift,supports,example_of,Input drift detection is one way to detect drift before outcome labels arrive.,accepted,Accept,random_sample,NIST IR 8477 supportive relationship mapping,monitoring_challenge,revised,integral_to,AI 800-4 rule.,,False,,,,not_applicable,
GM-FUN-03>HTI:B4.iv,GM-FUN-03,HTI:B4.iv,ONC HTI-1 (b)(11),source_attribute,(B)(4)(iv),Description of relevance of training data to intended deployed setting,supports,example_of,Drift monitoring gives local evidence on whether the training-data relevance statement holds.,accepted,Accept,random_sample,NIST IR 8477 supportive relationship mapping,regulatory_disclosure_requirement,revised,integral_to,"(B)(4)(iv) is a description of relevance of training data to the 'intended deployed setting', a developer statement; drift monitoring tests it locally but is not needed to produce or maintain it. GAP-M's 'evidence_accruing' class for this attribute is an analytic choice, not source text.",,False,,,,not_applicable,
GM-FUN-03>HTI:B4.iii,GM-FUN-03,HTI:B4.iii,ONC HTI-1 (b)(11),source_attribute,(B)(4)(iii),"Description of demographic representativeness according to variables in paragraphs (b)(11)(iv)(A)(5) through (13) of this section including, at a minimum, those used as input features in the intervention",supports,example_of,The training data's demographic profile is the reference for population-mix monitoring.,proposed,not_reviewed,not_sampled,NIST IR 8477 supportive relationship mapping,regulatory_disclosure_requirement,not_audited,example_of,,,False,,,,keep,"Passes T1–T3: the control's stated activity bears on the element as written, and the rationale matches the source text and the control text."
GM-FUN-03>HTI:B4.i,GM-FUN-03,HTI:B4.i,ONC HTI-1 (b)(11),source_attribute,(B)(4)(i),Exclusion and inclusion criteria that influenced the training data set,supports,example_of,Inclusion and exclusion criteria define which local patients fall outside the training population.,proposed,not_reviewed,not_sampled,NIST IR 8477 supportive relationship mapping,regulatory_disclosure_requirement,not_audited,example_of,,,False,,,,keep,"Passes T1–T3: the control's stated activity bears on the element as written, and the rationale matches the source text and the control text."
GM-FUN-03>RMF:MEASURE-2.4,GM-FUN-03,RMF:MEASURE-2.4,AI RMF 1.0,subcategory,MEASURE 2.4,MEASURE 2.4,supports,example_of,Monitoring the behavior of system components in production includes its input data.,proposed,not_reviewed,not_sampled,NIST IR 8477 supportive relationship mapping,guidance,not_audited,example_of,,,False,,,,keep,"Passes T1–T3: the control's stated activity bears on the element as written, and the rationale matches the source text and the control text."
GM-FUN-03>RMF:MEASURE-2.5,GM-FUN-03,RMF:MEASURE-2.5,AI RMF 1.0,subcategory,MEASURE 2.5,MEASURE 2.5,supports,example_of,Drift alerts show when the system operates beyond the conditions it was developed under.,proposed,not_reviewed,not_sampled,NIST IR 8477 supportive relationship mapping,guidance,not_audited,example_of,,,False,,,,keep,"Passes T1–T3: the control's stated activity bears on the element as written, and the rationale matches the source text and the control text."
GM-FUN-03>RMF:MEASURE-3.1,GM-FUN-03,RMF:MEASURE-3.1,AI RMF 1.0,subcategory,MEASURE 3.1,MEASURE 3.1,supports,example_of,Drift alerts identify emergent risks before outcome labels arrive.,proposed,not_reviewed,not_sampled,NIST IR 8477 supportive relationship mapping,guidance,not_audited,example_of,,,False,,,,keep,"Passes T1–T3: the control's stated activity bears on the element as written, and the rationale matches the source text and the control text."
GM-FUN-03>A84:XC-PC-B1,GM-FUN-03,A84:XC-PC-B1,NIST AI 800-4,crosscutting_barrier,XC-PC-B1,Rapidly shifting landscape across the AI stack,supports,example_of,Upstream change logging catches shifts elsewhere in the stack that silently alter inputs.,proposed,not_reviewed,not_sampled,NIST IR 8477 supportive relationship mapping,monitoring_challenge,not_audited,example_of,,,False,,,,keep,"Passes T1–T3: the control's stated activity bears on the element as written, and the rationale matches the source text and the control text."
GM-FUN-04>A84:FUN-B2,GM-FUN-04,A84:FUN-B2,NIST AI 800-4,category_barrier,FUN-B2,Missing high-quality ground truth datasets,supports,example_of,A label specification with adjudication is one response to missing ground truth.,accepted,Accept,random_sample,NIST IR 8477 supportive relationship mapping,monitoring_challenge,revised,integral_to,AI 800-4 rule.,,False,,,,not_applicable,
GM-FUN-04>RMF:MEASURE-3.2,GM-FUN-04,RMF:MEASURE-3.2,AI RMF 1.0,subcategory,MEASURE 3.2,MEASURE 3.2,supports,example_of,Proxy measures with stated uncertainty are a risk-tracking approach for when metrics are not yet available.,accepted,Accept,random_sample,NIST IR 8477 supportive relationship mapping,guidance,not_audited,example_of,,,False,,,,keep,"Passes T1–T3: the control's stated activity bears on the element as written, and the rationale matches the source text and the control text."
GM-FUN-04>RMF:MAP-2.3,GM-FUN-04,RMF:MAP-2.3,AI RMF 1.0,subcategory,MAP 2.3,MAP 2.3,supports,example_of,Defining and adjudicating labels is construct validation for the monitored outcome.,accepted,Accept,random_sample,NIST IR 8477 supportive relationship mapping,guidance,not_audited,example_of,,,False,,,,keep,"Passes T1–T3: the control's stated activity bears on the element as written, and the rationale matches the source text and the control text."
GM-FUN-04>RMF:MEASURE-1.1,GM-FUN-04,RMF:MEASURE-1.1,AI RMF 1.0,subcategory,MEASURE 1.1,MEASURE 1.1,supports,example_of,The label specification records which risks are not yet measurable and why.,proposed,not_reviewed,not_sampled,NIST IR 8477 supportive relationship mapping,guidance,not_audited,example_of,,,False,,,,keep,"Passes T1–T3: the control's stated activity bears on the element as written, and the rationale matches the source text and the control text."
GM-FUN-04>HTI:B8.ii,GM-FUN-04,HTI:B8.ii,ONC HTI-1 (b)(11),source_attribute,(B)(8)(ii),Validity of intervention in local data,supports,example_of,Local outcome labels come first for outcome-based validity measures such as discrimination and calibration; whether every local validity value is label-based is unresolved.,accepted,Accept as conditional,census_conditional,NIST IR 8477 supportive relationship mapping,regulatory_disclosure_requirement,unresolved,precedes,"Second pass, as substantiated on 2026-10-05: outcome-based validity measures (discrimination, calibration, positive predictive value) use local outcome labels. Label-free performance estimation exists in the literature: Garg et al. (ICLR 2022, arXiv:2201.04234) propose Average Thresholded Confidence (ATC), which predicts accuracy ""as the fraction of unlabeled examples for which model confidence exceeds that threshold"" learned on labeled source data. The same paper shows that ""absent further assumptions, accuracy on the target is identifiable iff p_t(y|x) is uniquely identified"", and names covariate shift (p_s(y|x) = p_t(y|x)) and label shift as conditions under which estimation can work; it estimates accuracy only and was evaluated on image benchmarks. A label-free estimate of local validity therefore rests on an assumption that the outcome relationship has not shifted, which is part of what local validation would test. Whether such an estimate counts as ""validity of intervention in local data"" is an interpretive question, so the precedes claim is neither supported nor refuted; it is held as unresolved.","Labels must come first if ""validity of intervention in local data"" means validity measured against local outcomes, rather than estimated from unlabeled local data under an assumption that p(y|x) is unchanged from the development setting.",True,supported,"(B)(8)(ii) names ""Validity of intervention in local data"". GM-FUN-04 obtains local outcome labels, which every outcome-based validity measure uses. The control is therefore one substantive way to support the attribute even if labels are not strictly required.",precedes,not_applicable,
GM-FUN-04>HTI:B8.iv,GM-FUN-04,HTI:B8.iv,ONC HTI-1 (b)(11),source_attribute,(B)(8)(iv),Fairness of intervention in local data,supports,example_of,"For label-dependent fairness measures such as subgroup calibration or error-rate parity, local outcome labels come first; label-free measures such as output-rate parity can be computed without them.",accepted,Accept,random_sample,NIST IR 8477 supportive relationship mapping,regulatory_disclosure_requirement,revised,precedes,"Second pass: fairness measures such as demographic or output-rate parity compare outputs across groups and need no outcome labels, so obtaining labels is not a prerequisite for every local fairness value. The precedes claim holds only for label-dependent measures and is downgraded.",,False,,,precedes,not_applicable,
GM-FUN-04>A84:XC-TMT-B2,GM-FUN-04,A84:XC-TMT-B2,NIST AI 800-4,crosscutting_barrier,XC-TMT-B2,Uncertainty and variability in results from models,supports,example_of,Adjudication statistics quantify uncertainty in the monitoring results themselves.,proposed,not_reviewed,not_sampled,NIST IR 8477 supportive relationship mapping,monitoring_challenge,not_audited,example_of,,,False,,,,keep,"Passes T1–T3: the control's stated activity bears on the element as written, and the rationale matches the source text and the control text."
GM-FUN-05>A84:FUN-G1,GM-FUN-05,A84:FUN-G1,NIST AI 800-4,category_gap,FUN-G1,Lack of systematic model comparison,supports,example_of,Same-data comparison of model versions is one form of systematic model comparison.,proposed,not_reviewed,not_sampled,NIST IR 8477 supportive relationship mapping,monitoring_challenge,revised,integral_to,AI 800-4 rule.,,False,,,,not_applicable,
GM-FUN-05>A84:FUN-B3,GM-FUN-05,A84:FUN-B3,NIST AI 800-4,category_barrier,FUN-B3,Overhead of longitudinal tracking,supports,example_of,A retained time series is one way to lower the overhead of longitudinal tracking.,proposed,not_reviewed,not_sampled,NIST IR 8477 supportive relationship mapping,monitoring_challenge,revised,integral_to,AI 800-4 rule.,,False,,,,not_applicable,
GM-FUN-05>RMF:MANAGE-4.2,GM-FUN-05,RMF:MANAGE-4.2,AI RMF 1.0,subcategory,MANAGE 4.2,MANAGE 4.2,supports,example_of,Version comparison makes measurable improvement part of every update.,proposed,not_reviewed,not_sampled,NIST IR 8477 supportive relationship mapping,guidance,not_audited,example_of,,,False,,,,keep,"Passes T1–T3: the control's stated activity bears on the element as written, and the rationale matches the source text and the control text."
GM-FUN-05>RMF:MEASURE-4.3,GM-FUN-05,RMF:MEASURE-4.3,AI RMF 1.0,subcategory,MEASURE 4.3,MEASURE 4.3,supports,integral_to,Identifying a measurable improvement or decline requires performance from more than one point in time to be available for comparison.,accepted,Accept,census_integral_to,NIST IR 8477 supportive relationship mapping,guidance,supported,integral_to,"MEASURE 4.3 requires that 'measurable performance improvements or declines ... are identified and documented'; an improvement or decline is a comparison across time, which needs results retained from more than one point in time. Version comparison is an extra and not integral.",,False,,,,not_applicable,
GM-FUN-05>RMF:MEASURE-3.1,GM-FUN-05,RMF:MEASURE-3.1,AI RMF 1.0,subcategory,MEASURE 3.1,MEASURE 3.1,supports,example_of,The time series shows risks that emerge slowly over many windows.,proposed,not_reviewed,not_sampled,NIST IR 8477 supportive relationship mapping,guidance,not_audited,example_of,,,False,,,,keep,"Passes T1–T3: the control's stated activity bears on the element as written, and the rationale matches the source text and the control text."
GM-FUN-05>HTI:B9.i,GM-FUN-05,HTI:B9.i,ONC HTI-1 (b)(11),source_attribute,(B)(9)(i),Description of process and frequency by which the intervention is updated,supports,example_of,The comparison record shows the update process and frequency described in the attribute in practice.,proposed,not_reviewed,not_sampled,NIST IR 8477 supportive relationship mapping,regulatory_disclosure_requirement,not_audited,example_of,,,False,,,,keep,"Passes T1–T3: the control's stated activity bears on the element as written, and the rationale matches the source text and the control text."
GM-FUN-05>HTI:B9.ii,GM-FUN-05,HTI:B9.ii,ONC HTI-1 (b)(11),source_attribute,(B)(9)(ii),Description of frequency by which the intervention's performance is corrected when risks related to validity and fairness are identified,supports,example_of,The record shows how often performance was corrected after risks were found.,accepted,Accept,random_sample,NIST IR 8477 supportive relationship mapping,regulatory_disclosure_requirement,not_audited,example_of,,,False,,,,keep,"Passes T1–T3: the control's stated activity bears on the element as written, and the rationale matches the source text and the control text."
GM-FUN-06>RMF:MANAGE-2.4,GM-FUN-06,RMF:MANAGE-2.4,AI RMF 1.0,subcategory,MANAGE 2.4,MANAGE 2.4,supports,integral_to,"MANAGE 2.4 names mechanisms, with assigned responsibility, to supersede, disengage, or deactivate a system; that mechanism is this control's core.",accepted,Accept,census_integral_to,NIST IR 8477 supportive relationship mapping,guidance,supported,integral_to,"MANAGE 2.4 reads 'Mechanisms are in place and applied, and responsibilities are assigned and understood, to supersede, disengage, or deactivate AI systems'; the core (a deactivation mechanism with an assigned authority) is what the subcategory names. Pre-set numeric triggers are extras.",,False,,,,not_applicable,
GM-FUN-06>RMF:MANAGE-1.3,GM-FUN-06,RMF:MANAGE-1.3,AI RMF 1.0,subcategory,MANAGE 1.3,MANAGE 1.3,supports,example_of,A trigger-action table is a documented response plan for performance risks the organization rates high priority.,accepted,Accept; align condition with core,census_conditional,NIST IR 8477 supportive relationship mapping,guidance,unresolved,integral_to,"MANAGE 1.3 covers responses to risks 'deemed high priority, as identified by the MAP function'. A documented mechanism to supersede, disengage, or deactivate the system (this control's core) is necessary only if performance degradation is among the deploying organization's high-priority risks, which GAP-M cannot know.","integral_to if the author scopes GAP-M to deployments where performance degradation is mapped as high priority (arguably every clinical predictive intervention), so that a documented deactivation mechanism is a necessary response.",True,supported,"MANAGE 1.3 asks that responses to high-priority risks be 'developed, planned, and documented', with options including mitigation. A documented trigger-action table for performance breaches is a planned mitigation response for performance risk.",,not_applicable,
GM-FUN-06>RMF:MANAGE-1.2,GM-FUN-06,RMF:MANAGE-1.2,AI RMF 1.0,subcategory,MANAGE 1.2,MANAGE 1.2,supports,example_of,Tiered actions prioritize treatment by the size of the breach.,proposed,not_reviewed,not_sampled,NIST IR 8477 supportive relationship mapping,guidance,not_audited,example_of,,,False,,,,keep,"Passes T1–T3: the control's stated activity bears on the element as written, and the rationale matches the source text and the control text."
GM-FUN-06>RMF:GOVERN-1.7,GM-FUN-06,RMF:GOVERN-1.7,AI RMF 1.0,subcategory,GOVERN 1.7,GOVERN 1.7,supports,example_of,Deactivation procedures cover safe phase-out of an AI system.,proposed,not_reviewed,not_sampled,NIST IR 8477 supportive relationship mapping,guidance,not_audited,example_of,,,False,,,,keep,"Passes T1–T3: the control's stated activity bears on the element as written, and the rationale matches the source text and the control text."
GM-FUN-06>RMF:MEASURE-2.6,GM-FUN-06,RMF:MEASURE-2.6,AI RMF 1.0,subcategory,MEASURE 2.6,MEASURE 2.6,supports,example_of,Defined response times make the system fail safely when it underperforms.,proposed,not_reviewed,not_sampled,NIST IR 8477 supportive relationship mapping,guidance,not_audited,example_of,,,False,,,,keep,"Passes T1–T3: the control's stated activity bears on the element as written, and the rationale matches the source text and the control text."
GM-FUN-06>HTI:B9.ii,GM-FUN-06,HTI:B9.ii,ONC HTI-1 (b)(11),source_attribute,(B)(9)(ii),Description of frequency by which the intervention's performance is corrected when risks related to validity and fairness are identified,supports,example_of,"Deployer triggers show how often performance is corrected locally, which the attribute can describe.",proposed,not_reviewed,not_sampled,NIST IR 8477 supportive relationship mapping,regulatory_disclosure_requirement,revised,integral_to,"(B)(9)(ii) describes how often performance is corrected; it can describe the developer's correction practice, so deployer triggers are not required to produce it.",,False,,,,not_applicable,
GM-FUN-06>A84:FUN-G2,GM-FUN-06,A84:FUN-G2,NIST AI 800-4,category_gap,FUN-G2,Establishing performance baselines and thresholds,supports,example_of,AI 800-4 reports practitioners' call for deviation thresholds 'to trigger corrective actions or reviews' (p. 18); this control ties threshold breaches to set actions.,revised,Accept; reword rationale,random_sample,NIST IR 8477 supportive relationship mapping,monitoring_challenge,not_audited,example_of,,,False,,,,keep,"Passes T1–T3: the control's stated activity bears on the element as written, and the rationale matches the source text and the control text."
GM-FAIR-01>RMF:MEASURE-2.11,GM-FAIR-01,RMF:MEASURE-2.11,AI RMF 1.0,subcategory,MEASURE 2.11,MEASURE 2.11,supports,example_of,A local subgroup baseline is one documented fairness evaluation.,proposed,not_reviewed,not_sampled,NIST IR 8477 supportive relationship mapping,guidance,revised,integral_to,"MEASURE 2.11 requires fairness to be 'evaluated and results ... documented' without saying when or in whose data; developer evaluation can satisfy it, so a deployer pre-deployment baseline is not required.",,False,,,,not_applicable,
GM-FAIR-01>RMF:MAP-2.3,GM-FAIR-01,RMF:MAP-2.3,AI RMF 1.0,subcategory,MAP 2.3,MAP 2.3,supports,example_of,Subgroup analysis tests representativeness of the data for the local population.,proposed,not_reviewed,not_sampled,NIST IR 8477 supportive relationship mapping,guidance,not_audited,example_of,,,False,,,,keep,"Passes T1–T3: the control's stated activity bears on the element as written, and the rationale matches the source text and the control text."
GM-FAIR-01>RMF:MEASURE-1.1,GM-FAIR-01,RMF:MEASURE-1.1,AI RMF 1.0,subcategory,MEASURE 1.1,MEASURE 1.1,supports,example_of,"Choosing subgroup metrics, and recording subgroups too small to measure, is part of selecting approaches.",proposed,not_reviewed,not_sampled,NIST IR 8477 supportive relationship mapping,guidance,not_audited,example_of,,,False,,,,keep,"Passes T1–T3: the control's stated activity bears on the element as written, and the rationale matches the source text and the control text."
GM-FAIR-01>A84:FUN-G2,GM-FAIR-01,A84:FUN-G2,NIST AI 800-4,category_gap,FUN-G2,Establishing performance baselines and thresholds,supports,example_of,Disparity thresholds are performance thresholds applied to subgroups.,proposed,not_reviewed,not_sampled,NIST IR 8477 supportive relationship mapping,monitoring_challenge,not_audited,example_of,,,False,,,,keep,"Passes T1–T3: the control's stated activity bears on the element as written, and the rationale matches the source text and the control text."
GM-FAIR-01>HTI:B7.ii,GM-FAIR-01,HTI:B7.ii,ONC HTI-1 (b)(11),source_attribute,(B)(7)(ii),Fairness of intervention in test data derived from the same source as the initial training data,supports,example_of,The developer's same-source fairness result is checked and recorded as part of the baseline.,proposed,not_reviewed,not_sampled,NIST IR 8477 supportive relationship mapping,regulatory_disclosure_requirement,not_audited,example_of,,,False,,,,keep,"Passes T1–T3: the control's stated activity bears on the element as written, and the rationale matches the source text and the control text."
GM-FAIR-01>HTI:B7.iv,GM-FAIR-01,HTI:B7.iv,ONC HTI-1 (b)(11),source_attribute,(B)(7)(iv),Fairness of intervention in data external to or from a different source than the initial training data,supports,example_of,The developer's external fairness result is checked and recorded as part of the baseline.,accepted,Accept,random_sample,NIST IR 8477 supportive relationship mapping,regulatory_disclosure_requirement,not_audited,example_of,,,False,,,,keep,"Passes T1–T3: the control's stated activity bears on the element as written, and the rationale matches the source text and the control text."
GM-FAIR-01>HTI:B4.ii,GM-FAIR-01,HTI:B4.ii,ONC HTI-1 (b)(11),source_attribute,(B)(4)(ii),Use of variables in paragraphs (b)(11)(iv)(A)(5) through (13) of this section as input features,supports,example_of,The demographic variables used as input features indicate which subgroups to monitor.,proposed,not_reviewed,not_sampled,NIST IR 8477 supportive relationship mapping,regulatory_disclosure_requirement,not_audited,example_of,,,False,,,,keep,"Passes T1–T3: the control's stated activity bears on the element as written, and the rationale matches the source text and the control text."
GM-FAIR-01>HTI:B4.iii,GM-FAIR-01,HTI:B4.iii,ONC HTI-1 (b)(11),source_attribute,(B)(4)(iii),"Description of demographic representativeness according to variables in paragraphs (b)(11)(iv)(A)(5) through (13) of this section including, at a minimum, those used as input features in the intervention",supports,example_of,Training-data representativeness shows which local subgroups the model saw little of.,proposed,not_reviewed,not_sampled,NIST IR 8477 supportive relationship mapping,regulatory_disclosure_requirement,not_audited,example_of,,,False,,,,keep,"Passes T1–T3: the control's stated activity bears on the element as written, and the rationale matches the source text and the control text."
GM-FAIR-01>HTI:B6.iii,GM-FAIR-01,HTI:B6.iii,ONC HTI-1 (b)(11),source_attribute,(B)(6)(iii),"Description of demographic representativeness of external data according to variables in paragraph (b)(11)(iv)(A)(5)-(13) including, at a minimum, those used as input features in the intervention",supports,example_of,External-data representativeness shows which subgroups have external evidence.,proposed,not_reviewed,not_sampled,NIST IR 8477 supportive relationship mapping,regulatory_disclosure_requirement,not_audited,example_of,,,False,,,,keep,"Passes T1–T3: the control's stated activity bears on the element as written, and the rationale matches the source text and the control text."
GM-FAIR-02>HTI:B8.iv,GM-FAIR-02,HTI:B8.iv,ONC HTI-1 (b)(11),source_attribute,(B)(8)(iv),Fairness of intervention in local data,supports,example_of,Measuring subgroup performance and output disparities in local data is one way to produce the local fairness value.,accepted,Accept; correct (A)(5)-(13) phrase,census_conditional,NIST IR 8477 supportive relationship mapping,regulatory_disclosure_requirement,unresolved,integral_to,"Second pass: 'Fairness of intervention in local data' does not define fairness. Necessity holds only if fairness is read as a comparison across groups (the regulation lists demographic characteristics in (A)(5)–(13) for evidence-based interventions, which points toward, but does not establish, a group reading); individual-fairness measures are an alternative. This is the same condition as GM-FAIR-02>RMF:MEASURE-2.11.",integral_to if the author adopts a group-based reading of fairness for (B)(8)(iv).,True,supported,(B)(8)(iv) is 'Fairness of intervention in local data'. Measuring fairness in the deploying organization's own data produces that value.,integral_to,not_applicable,
GM-FAIR-02>HTI:B8.iii,GM-FAIR-02,HTI:B8.iii,ONC HTI-1 (b)(11),source_attribute,(B)(8)(iii),Description of the process and frequency by which the intervention's fairness is monitored over time,supports,example_of,"Where the deploying organization runs it, local fairness monitoring is the process the attribute can describe.",accepted,Accept,random_sample,NIST IR 8477 supportive relationship mapping,regulatory_disclosure_requirement,revised,integral_to,The process description can describe any party's monitoring process.,,False,,,,not_applicable,
GM-FAIR-02>RMF:MEASURE-2.11,GM-FAIR-02,RMF:MEASURE-2.11,AI RMF 1.0,subcategory,MEASURE 2.11,MEASURE 2.11,supports,example_of,Measuring subgroup performance in production is one ongoing fairness evaluation.,accepted,Accept; correct (A)(5)-(13) phrase,census_conditional,NIST IR 8477 supportive relationship mapping,guidance,unresolved,integral_to,"Necessity depends on two readings of MEASURE 2.11: that 'evaluated' means evaluated in production on an ongoing basis (the AI RMF asks users to keep applying MEASURE as risks evolve), and that fairness is measured by group comparison (the regulation lists demographic characteristics in (A)(5)-(13) for evidence-based interventions, which points toward, but does not establish, a group reading). Both are defensible; neither is in the subcategory text.",integral_to if the author adopts both readings.,True,supported,"MEASURE 2.11 asks that 'fairness and bias ... are evaluated and results are documented'. Measuring subgroup performance and disparities in production, and documenting breaches, is a fairness evaluation.",,not_applicable,
GM-FAIR-02>RMF:MEASURE-2.4,GM-FAIR-02,RMF:MEASURE-2.4,AI RMF 1.0,subcategory,MEASURE 2.4,MEASURE 2.4,supports,example_of,Subgroup performance is part of monitoring system behavior in production.,proposed,not_reviewed,not_sampled,NIST IR 8477 supportive relationship mapping,guidance,not_audited,example_of,,,False,,,,keep,"Passes T1–T3: the control's stated activity bears on the element as written, and the rationale matches the source text and the control text."
GM-FAIR-02>RMF:MEASURE-3.1,GM-FAIR-02,RMF:MEASURE-3.1,AI RMF 1.0,subcategory,MEASURE 3.1,MEASURE 3.1,supports,example_of,Disparities that grow after deployment are emergent risks this control tracks.,proposed,not_reviewed,not_sampled,NIST IR 8477 supportive relationship mapping,guidance,not_audited,example_of,,,False,,,,keep,"Passes T1–T3: the control's stated activity bears on the element as written, and the rationale matches the source text and the control text."
GM-FAIR-02>A84:FUN-B1,GM-FAIR-02,A84:FUN-B1,NIST AI 800-4,category_barrier,FUN-B1,Detecting performance degradation and drift,supports,example_of,Degradation can be confined to subgroups and missed by overall metrics.,accepted,Accept,random_sample,NIST IR 8477 supportive relationship mapping,monitoring_challenge,not_audited,example_of,,,False,,,,keep,"Passes T1–T3: the control's stated activity bears on the element as written, and the rationale matches the source text and the control text."
GM-FAIR-02>A84:LSI,GM-FAIR-02,A84:LSI,NIST AI 800-4,monitoring_category,LSI,Large-Scale Impacts Monitoring,supports,example_of,Subgroup disparities are one downstream impact on groups and communities.,proposed,not_reviewed,not_sampled,NIST IR 8477 supportive relationship mapping,monitoring_challenge,not_audited,example_of,,,False,,,,keep,Depends on judgment call J4 (fairness placed under Functionality with Large-Scale Impacts secondary).
GM-OPS-01>CPG:3.Q,GM-OPS-01,CPG:3.Q,CISA CPG 2.0,goal,3.Q,Maintain Log Collection & Storage,supports,integral_to,"CPG 3.Q's action covers application and service logs on all assets where feasible; collecting the AI components' administrative and security logs centrally, with an alert if logging stops, is that action applied to the AI system.",accepted,Accept; narrow core,census_integral_to,NIST IR 8477 supportive relationship mapping,voluntary_practice,supported,integral_to,"CPG 3.Q's Recommended Action requires logs from 'operating systems, applications, and services' to be collected, stored centrally with restricted access, and an alert when a critical log function is disabled; its Scope is 'all assets, where safe and technically feasible'. The AI system is an application and service asset, so its logs must be in scope. Inference-level content (input hashes, monitoring results) is an extra.",,False,,,,not_applicable,
GM-OPS-01>A84:OPS-B1,GM-OPS-01,A84:OPS-B1,NIST AI 800-4,category_barrier,OPS-B1,Fragmented logging across distributed infrastructure,supports,example_of,A central log store is one answer to fragmented logging across distributed infrastructure.,proposed,not_reviewed,not_sampled,NIST IR 8477 supportive relationship mapping,monitoring_challenge,revised,integral_to,AI 800-4 rule; a federated query layer is another answer.,,False,,,,not_applicable,
GM-OPS-01>A84:OPS,GM-OPS-01,A84:OPS,NIST AI 800-4,monitoring_category,OPS,Operational Monitoring,supports,example_of,Complete logs are one basis for infrastructure-level monitoring.,accepted,Accept,random_sample,NIST IR 8477 supportive relationship mapping,monitoring_challenge,revised,integral_to,AI 800-4 rule.,,False,,,,not_applicable,
GM-OPS-01>RMF:MEASURE-2.8,GM-OPS-01,RMF:MEASURE-2.8,AI RMF 1.0,subcategory,MEASURE 2.8,MEASURE 2.8,supports,example_of,Complete logs support examining transparency and accountability risks.,proposed,not_reviewed,not_sampled,NIST IR 8477 supportive relationship mapping,guidance,not_audited,example_of,,,False,,,,keep,"Passes T1–T3: the control's stated activity bears on the element as written, and the rationale matches the source text and the control text."
GM-OPS-01>RMF:MANAGE-4.1,GM-OPS-01,RMF:MANAGE-4.1,AI RMF 1.0,subcategory,MANAGE 4.1,MANAGE 4.1,supports,example_of,Logs provide the record that the plan's incident-response and change-management mechanisms rely on.,accepted,Accept new rationale,targeted_check,NIST IR 8477 supportive relationship mapping,guidance,not_audited,example_of,,,False,,,,revise,MANAGE 4.1 lists specific mechanisms; logging is not one of them.
GM-OPS-01>RMF:MEASURE-2.4,GM-OPS-01,RMF:MEASURE-2.4,AI RMF 1.0,subcategory,MEASURE 2.4,MEASURE 2.4,supports,example_of,Central logs are one data source for production monitoring.,accepted,Accept,random_sample,NIST IR 8477 supportive relationship mapping,guidance,revised,precedes,Production monitoring can query source data directly; a central protected log store is not a prerequisite.,,False,,,,not_applicable,
GM-OPS-01>A84:HF-G5,GM-OPS-01,A84:HF-G5,NIST AI 800-4,category_gap,HF-G5,Underutilization of telemetry data,supports,example_of,Captured logs are one source of telemetry to put to use.,proposed,not_reviewed,not_sampled,NIST IR 8477 supportive relationship mapping,monitoring_challenge,revised,precedes,AI 800-4 rule.,,False,,,,not_applicable,
GM-OPS-02>A84:OPS-G1,GM-OPS-02,A84:OPS-G1,NIST AI 800-4,category_gap,OPS-G1,Tracking indirect costs beyond compute,supports,example_of,"Tracking reviewer time, labeling, and energy is one way to track indirect costs beyond compute.",proposed,not_reviewed,not_sampled,NIST IR 8477 supportive relationship mapping,monitoring_challenge,revised,integral_to,AI 800-4 rule.,,False,,,,not_applicable,
GM-OPS-02>A84:OPS,GM-OPS-02,A84:OPS,NIST AI 800-4,monitoring_category,OPS,Operational Monitoring,supports,example_of,Service-level monitoring is one form of operational monitoring.,proposed,not_reviewed,not_sampled,NIST IR 8477 supportive relationship mapping,monitoring_challenge,revised,integral_to,AI 800-4 rule.,,False,,,,not_applicable,
GM-OPS-02>RMF:MANAGE-2.1,GM-OPS-02,RMF:MANAGE-2.1,AI RMF 1.0,subcategory,MANAGE 2.1,MANAGE 2.1,supports,example_of,Cost data show the resources required to manage AI risk.,accepted,Accept,random_sample,NIST IR 8477 supportive relationship mapping,guidance,not_audited,example_of,,,False,,,,keep,"Passes T1–T3: the control's stated activity bears on the element as written, and the rationale matches the source text and the control text."
GM-OPS-02>RMF:MANAGE-2.2,GM-OPS-02,RMF:MANAGE-2.2,AI RMF 1.0,subcategory,MANAGE 2.2,MANAGE 2.2,supports,example_of,Service levels and cost data show whether the system's value is being sustained.,proposed,not_reviewed,not_sampled,NIST IR 8477 supportive relationship mapping,guidance,not_audited,example_of,,,False,,,,keep,"Passes T1–T3: the control's stated activity bears on the element as written, and the rationale matches the source text and the control text."
GM-OPS-02>RMF:MEASURE-2.6,GM-OPS-02,RMF:MEASURE-2.6,AI RMF 1.0,subcategory,MEASURE 2.6,MEASURE 2.6,supports,example_of,Error and timeout monitoring supports real-time monitoring and response times for failures.,proposed,not_reviewed,not_sampled,NIST IR 8477 supportive relationship mapping,guidance,not_audited,example_of,,,False,,,,keep,"Passes T1–T3: the control's stated activity bears on the element as written, and the rationale matches the source text and the control text."
GM-OPS-02>A84:XC-RR-B1,GM-OPS-02,A84:XC-RR-B1,NIST AI 800-4,crosscutting_barrier,XC-RR-B1,Financial costs and compute/human resources,supports,example_of,Measured monitoring cost makes resource demands visible for budgeting.,accepted,Accept,random_sample,NIST IR 8477 supportive relationship mapping,monitoring_challenge,not_audited,example_of,,,False,,,,keep,"Passes T1–T3: the control's stated activity bears on the element as written, and the rationale matches the source text and the control text."
GM-OPS-03>CPG:3.N,GM-OPS-03,CPG:3.N,CISA CPG 2.0,goal,3.N,Establish Change Management Processes,supports,integral_to,AI configuration changes go through the change management process this CPG goal requires.,accepted,Accept; narrow core,census_integral_to,NIST IR 8477 supportive relationship mapping,voluntary_practice,supported,integral_to,CPG 3.N's Recommended Action requires change management for technology platforms and configuration change control 'prohibiting unauthorized changes unless approved'; Scope is organizational assets. Model versions and AI configuration are configuration of an organizational asset. Updating the baseline and source attributes after a change is an extra.,,False,,,,not_applicable,
GM-OPS-03>CPG:3.P,GM-OPS-03,CPG:3.P,CISA CPG 2.0,goal,3.P,Maintain Hardware & Software Approval Process,supports,example_of,Approval of new model versions extends the hardware and software approval process.,proposed,not_reviewed,not_sampled,NIST IR 8477 supportive relationship mapping,voluntary_practice,not_audited,example_of,,,False,,,,keep,"Passes T1–T3: the control's stated activity bears on the element as written, and the rationale matches the source text and the control text."
GM-OPS-03>RMF:MANAGE-4.1,GM-OPS-03,RMF:MANAGE-4.1,AI RMF 1.0,subcategory,MANAGE 4.1,MANAGE 4.1,supports,example_of,Change management is a named part of the post-deployment monitoring plan.,proposed,not_reviewed,not_sampled,NIST IR 8477 supportive relationship mapping,guidance,not_audited,example_of,,,False,,,,keep,"Passes T1–T3: the control's stated activity bears on the element as written, and the rationale matches the source text and the control text."
GM-OPS-03>HTI:B9.i,GM-OPS-03,HTI:B9.i,ONC HTI-1 (b)(11),source_attribute,(B)(9)(i),Description of process and frequency by which the intervention is updated,supports,example_of,The deployer's change process is one update process the attribute can describe.,accepted,Accept,random_sample,NIST IR 8477 supportive relationship mapping,regulatory_disclosure_requirement,revised,integral_to,(B)(9)(i) describes the update process and frequency; it can describe the developer's process.,,False,,,,not_applicable,
GM-OPS-03>A84:XC-PC-B1,GM-OPS-03,A84:XC-PC-B1,NIST AI 800-4,crosscutting_barrier,XC-PC-B1,Rapidly shifting landscape across the AI stack,supports,example_of,Change control keeps monitoring in step with a fast-moving AI stack.,proposed,not_reviewed,not_sampled,NIST IR 8477 supportive relationship mapping,monitoring_challenge,not_audited,example_of,,,False,,,,keep,"Passes T1–T3: the control's stated activity bears on the element as written, and the rationale matches the source text and the control text."
GM-OPS-04>CPG:3.O,GM-OPS-04,CPG:3.O,CISA CPG 2.0,goal,3.O,Maintain System Backups & Restoration Ability,supports,example_of,Backing up model artifacts and configuration applies the backup practice to the AI system.,accepted,Accept as conditional,census_conditional,NIST IR 8477 supportive relationship mapping,voluntary_practice,unresolved,integral_to,CPG 3.O's Scope is 'organizational assets necessary for business operations'. Whether a predictive intervention is such an asset depends on the deployment; GM-OPS-04's own fallback workflow is meant to make the intervention non-essential.,integral_to for the backup-and-restore part if the deploying organization classifies the AI system as necessary for business operations.,True,supported,"CPG 3.O's action includes backing up 'configuration information' and testing recovery for systems necessary for operations. GM-OPS-04 backs up AI artifacts and configuration and tests restore annually, which is that action applied to the AI system. Whether CPG 3.O's scope reaches a given AI system is the open necessity question, not a relevance question.",,not_applicable,
GM-OPS-04>CPG:6.A,GM-OPS-04,CPG:6.A,CISA CPG 2.0,goal,6.A,Incident Planning and Preparedness,supports,example_of,A tested fallback workflow is part of recovery planning.,proposed,not_reviewed,not_sampled,NIST IR 8477 supportive relationship mapping,voluntary_practice,not_audited,example_of,,,False,,,,keep,"Passes T1–T3: the control's stated activity bears on the element as written, and the rationale matches the source text and the control text."
GM-OPS-04>RMF:MANAGE-2.1,GM-OPS-04,RMF:MANAGE-2.1,AI RMF 1.0,subcategory,MANAGE 2.1,MANAGE 2.1,supports,example_of,The fallback workflow is the viable non-AI alternative kept ready.,accepted,Accept,random_sample,NIST IR 8477 supportive relationship mapping,guidance,not_audited,example_of,,,False,,,,keep,"Passes T1–T3: the control's stated activity bears on the element as written, and the rationale matches the source text and the control text."
GM-OPS-04>RMF:MANAGE-2.4,GM-OPS-04,RMF:MANAGE-2.4,AI RMF 1.0,subcategory,MANAGE 2.4,MANAGE 2.4,supports,example_of,A fallback workflow lets the system be disengaged without interrupting the work it supported.,accepted,Accept new rationale,targeted_check,NIST IR 8477 supportive relationship mapping,guidance,not_audited,example_of,,,False,,,,revise,'Deactivation is only safe if a fallback exists' asserted necessity in an example_of rationale.
GM-OPS-04>RMF:MANAGE-2.3,GM-OPS-04,RMF:MANAGE-2.3,AI RMF 1.0,subcategory,MANAGE 2.3,MANAGE 2.3,supports,example_of,Restoring a known-good version is one recovery from a newly found risk.,proposed,not_reviewed,not_sampled,NIST IR 8477 supportive relationship mapping,guidance,not_audited,example_of,,,False,,,,keep,"Passes T1–T3: the control's stated activity bears on the element as written, and the rationale matches the source text and the control text."
GM-OPS-04>RMF:MEASURE-2.6,GM-OPS-04,RMF:MEASURE-2.6,AI RMF 1.0,subcategory,MEASURE 2.6,MEASURE 2.6,supports,example_of,A fallback lets the system fail safely.,accepted,Accept,random_sample,NIST IR 8477 supportive relationship mapping,guidance,not_audited,example_of,,,False,,,,keep,"Passes T1–T3: the control's stated activity bears on the element as written, and the rationale matches the source text and the control text."
GM-OPS-04>RMF:GOVERN-1.7,GM-OPS-04,RMF:GOVERN-1.7,AI RMF 1.0,subcategory,GOVERN 1.7,GOVERN 1.7,supports,example_of,The fallback workflow supports phasing out a system without increasing risk.,proposed,not_reviewed,not_sampled,NIST IR 8477 supportive relationship mapping,guidance,not_audited,example_of,,,False,,,,keep,"Passes T1–T3: the control's stated activity bears on the element as written, and the rationale matches the source text and the control text."
GM-HF-01>A84:HF-B1,GM-HF-01,A84:HF-B1,NIST AI 800-4,category_barrier,HF-B1,Overhead of collecting and gauging user feedback,supports,example_of,Low-effort in-workflow capture is one way to reduce the overhead of collecting user feedback.,proposed,not_reviewed,not_sampled,NIST IR 8477 supportive relationship mapping,monitoring_challenge,revised,integral_to,AI 800-4 rule.,,False,,,,not_applicable,
GM-HF-01>A84:HF,GM-HF-01,A84:HF,NIST AI 800-4,monitoring_category,HF,Human Factors Monitoring,supports,example_of,User feedback is one measure of human-system interaction.,proposed,not_reviewed,not_sampled,NIST IR 8477 supportive relationship mapping,monitoring_challenge,revised,integral_to,AI 800-4 rule.,,False,,,,not_applicable,
GM-HF-01>RMF:MEASURE-3.3,GM-HF-01,RMF:MEASURE-3.3,AI RMF 1.0,subcategory,MEASURE 3.3,MEASURE 3.3,supports,integral_to,User problem reports integrated into evaluation metrics are what this control produces.,accepted,Accept,census_integral_to,NIST IR 8477 supportive relationship mapping,guidance,supported,integral_to,MEASURE 3.3 reads 'Feedback processes for end users ... to report problems ... are established and integrated into AI system evaluation metrics'; the core (end-user problem reporting fed into monitoring metrics) is the end-user half of what the subcategory names. The impacted-community half is GM-LSI-03.,,False,,,,not_applicable,
GM-HF-01>RMF:GOVERN-5.2,GM-HF-01,RMF:GOVERN-5.2,AI RMF 1.0,subcategory,GOVERN 5.2,GOVERN 5.2,supports,example_of,Adjudicated end-user feedback is one stream a team can incorporate into design and implementation.,proposed,not_reviewed,not_sampled,NIST IR 8477 supportive relationship mapping,guidance,revised,integral_to,"GOVERN 5.2 asks for mechanisms to incorporate adjudicated feedback 'from relevant AI actors' into design and implementation; adjudicated feedback from other actors (external reviewers, auditors) can satisfy it, and HF-01 feeds metrics, not design.",,False,,,,not_applicable,
GM-HF-01>RMF:MANAGE-4.1,GM-HF-01,RMF:MANAGE-4.1,AI RMF 1.0,subcategory,MANAGE 4.1,MANAGE 4.1,supports,example_of,An in-workflow problem-reporting route is one mechanism for capturing and evaluating input from users.,proposed,not_reviewed,not_sampled,NIST IR 8477 supportive relationship mapping,guidance,revised,integral_to,"Second pass: MANAGE 4.1 names 'mechanisms for capturing and evaluating input from users'. Periodic user surveys or interviews capture and evaluate user input without a problem-reporting route, so HF-01's core is not necessary.",,False,,,integral_to,not_applicable,
GM-HF-01>RMF:GOVERN-5.1,GM-HF-01,RMF:GOVERN-5.1,AI RMF 1.0,subcategory,GOVERN 5.1,GOVERN 5.1,supports,example_of,In-workflow capture is one practice for collecting feedback from people outside the development team.,proposed,not_reviewed,not_sampled,NIST IR 8477 supportive relationship mapping,guidance,not_audited,example_of,,,False,,,,keep,"Passes T1–T3: the control's stated activity bears on the element as written, and the rationale matches the source text and the control text."
GM-HF-01>RMF:MAP-5.2,GM-HF-01,RMF:MAP-5.2,AI RMF 1.0,subcategory,MAP 5.2,MAP 5.2,supports,example_of,Feedback triage integrates reports of unanticipated impacts.,proposed,not_reviewed,not_sampled,NIST IR 8477 supportive relationship mapping,guidance,not_audited,example_of,,,False,,,,keep,"Passes T1–T3: the control's stated activity bears on the element as written, and the rationale matches the source text and the control text."
GM-HF-01>HTI:B3.ii,GM-HF-01,HTI:B3.ii,ONC HTI-1 (b)(11),source_attribute,(B)(3)(ii),"Known risks, inappropriate settings, inappropriate uses, or known limitations",supports,example_of,Adjudicated feedback surfaces new known limitations for the source-attribute record.,accepted,Accept,random_sample,NIST IR 8477 supportive relationship mapping,regulatory_disclosure_requirement,not_audited,example_of,,,False,,,,keep,"Passes T1–T3: the control's stated activity bears on the element as written, and the rationale matches the source text and the control text."
GM-HF-02>A84:HF-G3,GM-HF-02,A84:HF-G3,NIST AI 800-4,category_gap,HF-G3,Limited understanding of user interaction and behavior,supports,example_of,Interaction telemetry is one way to understand user interaction and behavior.,proposed,not_reviewed,not_sampled,NIST IR 8477 supportive relationship mapping,monitoring_challenge,revised,integral_to,AI 800-4 rule.,,False,,,,not_applicable,
GM-HF-02>A84:HF-G5,GM-HF-02,A84:HF-G5,NIST AI 800-4,category_gap,HF-G5,Underutilization of telemetry data,supports,example_of,Interaction reporting is one way to use telemetry that would otherwise sit unused.,proposed,not_reviewed,not_sampled,NIST IR 8477 supportive relationship mapping,monitoring_challenge,revised,integral_to,AI 800-4 rule.,,False,,,,not_applicable,
GM-HF-02>A84:HF-G4,GM-HF-02,A84:HF-G4,NIST AI 800-4,category_gap,HF-G4,Lack of insight into characteristics of system users,supports,example_of,"Results by role, specialty, and site give some insight into the characteristics of system users.",proposed,not_reviewed,not_sampled,NIST IR 8477 supportive relationship mapping,monitoring_challenge,revised,integral_to,AI 800-4 rule.,,False,,,,not_applicable,
GM-HF-02>A84:HF-G2,GM-HF-02,A84:HF-G2,NIST AI 800-4,category_gap,HF-G2,Limited understanding of user intent or perception through usage monitoring,supports,example_of,Override reasons give partial insight into user intent and perception.,accepted,Accept,random_sample,NIST IR 8477 supportive relationship mapping,monitoring_challenge,not_audited,example_of,,,False,,,,keep,"Passes T1–T3: the control's stated activity bears on the element as written, and the rationale matches the source text and the control text."
GM-HF-02>A84:HF-G1,GM-HF-02,A84:HF-G1,NIST AI 800-4,category_gap,HF-G1,Insufficient research on human-AI feedback loops,supports,example_of,Trends in reliance and override reveal feedback loops such as automation bias or alert fatigue.,accepted,Accept,random_sample,NIST IR 8477 supportive relationship mapping,monitoring_challenge,not_audited,example_of,,,False,,,,keep,"Kept, unlike GM-HF-01's link to the same gap: reliance and override trends observed over time are direct evidence about a human-AI feedback loop, not a stand-in for research."
GM-HF-02>RMF:MAP-3.5,GM-HF-02,RMF:MAP-3.5,AI RMF 1.0,subcategory,MAP 3.5,MAP 3.5,supports,example_of,Override telemetry assesses whether human oversight works as defined.,proposed,not_reviewed,not_sampled,NIST IR 8477 supportive relationship mapping,guidance,not_audited,example_of,,,False,,,,keep,"Passes T1–T3: the control's stated activity bears on the element as written, and the rationale matches the source text and the control text."
GM-HF-02>RMF:MEASURE-2.9,GM-HF-02,RMF:MEASURE-2.9,AI RMF 1.0,subcategory,MEASURE 2.9,MEASURE 2.9,supports,example_of,Override reasons show whether outputs are being interpreted within context.,accepted,Accept,random_sample,NIST IR 8477 supportive relationship mapping,guidance,not_audited,example_of,,,False,,,,keep,"Passes T1–T3: the control's stated activity bears on the element as written, and the rationale matches the source text and the control text."
GM-HF-02>RMF:MANAGE-4.1,GM-HF-02,RMF:MANAGE-4.1,AI RMF 1.0,subcategory,MANAGE 4.1,MANAGE 4.1,supports,example_of,Override monitoring is one mechanism of an implemented monitoring plan.,accepted,Accept,random_sample,NIST IR 8477 supportive relationship mapping,guidance,not_audited,example_of,,,False,,,,keep,"Passes T1–T3: the control's stated activity bears on the element as written, and the rationale matches the source text and the control text."
GM-HF-02>HTI:B2.iii,GM-HF-02,HTI:B2.iii,ONC HTI-1 (b)(11),source_attribute,(B)(2)(iii),Intended user(s),supports,example_of,Telemetry by role checks that actual users match intended users.,proposed,not_reviewed,not_sampled,NIST IR 8477 supportive relationship mapping,regulatory_disclosure_requirement,not_audited,example_of,,,False,,,,keep,"Passes T1–T3: the control's stated activity bears on the element as written, and the rationale matches the source text and the control text."
GM-HF-02>HTI:B2.iv,GM-HF-02,HTI:B2.iv,ONC HTI-1 (b)(11),source_attribute,(B)(2)(iv),"Intended decision-making role for which the intervention was designed to be used/for (e.g., informs, augments, replaces clinical management)",supports,example_of,"Acceptance and override rates show whether the output informs, augments, or in practice replaces decisions.",accepted,Accept,random_sample,NIST IR 8477 supportive relationship mapping,regulatory_disclosure_requirement,not_audited,example_of,,,False,,,,keep,"Passes T1–T3: the control's stated activity bears on the element as written, and the rationale matches the source text and the control text."
GM-HF-03>RMF:MAP-2.2,GM-HF-03,RMF:MAP-2.2,AI RMF 1.0,subcategory,MAP 2.2,MAP 2.2,supports,example_of,A current source-attribute record is one form of documentation of knowledge limits and appropriate use.,accepted,Accept,random_sample,NIST IR 8477 supportive relationship mapping,guidance,revised,integral_to,MAP 2.2 asks that knowledge limits and appropriate use be documented sufficiently for decision-makers; developer documentation or other user guidance can satisfy it without a deployer-maintained attribute register.,,False,,,,not_applicable,
GM-HF-03>RMF:MEASURE-2.9,GM-HF-03,RMF:MEASURE-2.9,AI RMF 1.0,subcategory,MEASURE 2.9,MEASURE 2.9,supports,example_of,Current attributes help users interpret output within its context.,proposed,not_reviewed,not_sampled,NIST IR 8477 supportive relationship mapping,guidance,not_audited,example_of,,,False,,,,keep,"Passes T1–T3: the control's stated activity bears on the element as written, and the rationale matches the source text and the control text."
GM-HF-03>RMF:MEASURE-2.8,GM-HF-03,RMF:MEASURE-2.8,AI RMF 1.0,subcategory,MEASURE 2.8,MEASURE 2.8,supports,example_of,"A dated, evidence-linked record makes transparency risks examinable.",accepted,Accept,random_sample,NIST IR 8477 supportive relationship mapping,guidance,not_audited,example_of,,,False,,,,keep,"Passes T1–T3: the control's stated activity bears on the element as written, and the rationale matches the source text and the control text."
GM-HF-03>RMF:GOVERN-4.2,GM-HF-03,RMF:GOVERN-4.2,AI RMF 1.0,subcategory,GOVERN 4.2,GOVERN 4.2,supports,example_of,The record communicates the system's risks and impacts to users.,proposed,not_reviewed,not_sampled,NIST IR 8477 supportive relationship mapping,guidance,not_audited,example_of,,,False,,,,keep,"Passes T1–T3: the control's stated activity bears on the element as written, and the rationale matches the source text and the control text."
GM-HF-03>RMF:MANAGE-1.4,GM-HF-03,RMF:MANAGE-1.4,AI RMF 1.0,subcategory,MANAGE 1.4,MANAGE 1.4,supports,example_of,Known risks and limitations in the record document residual risk for end users.,proposed,not_reviewed,not_sampled,NIST IR 8477 supportive relationship mapping,guidance,not_audited,example_of,,,False,,,,keep,"Passes T1–T3: the control's stated activity bears on the element as written, and the rationale matches the source text and the control text."
GM-HF-03>A84:XC-VT-G1,GM-HF-03,A84:XC-VT-G1,NIST AI 800-4,crosscutting_gap,XC-VT-G1,Lack of direct visibility into model properties,supports,example_of,Current attributes give users and deployers more visibility into model properties.,proposed,not_reviewed,not_sampled,NIST IR 8477 supportive relationship mapping,monitoring_challenge,not_audited,example_of,,,False,,,,keep,"Passes T1–T3: the control's stated activity bears on the element as written, and the rationale matches the source text and the control text."
GM-HF-03>A84:HF,GM-HF-03,A84:HF,NIST AI 800-4,monitoring_category,HF,Human Factors Monitoring,supports,example_of,Transparency to users is part of the human factors category definition.,proposed,not_reviewed,not_sampled,NIST IR 8477 supportive relationship mapping,monitoring_challenge,not_audited,example_of,,,False,,,,keep,"Passes T1–T3: the control's stated activity bears on the element as written, and the rationale matches the source text and the control text."
GM-HF-03>HTI:B1.i,GM-HF-03,HTI:B1.i,ONC HTI-1 (b)(11),source_attribute,(B)(1)(i),Name and contact information for the intervention developer,supports,example_of,"Periodic review confirms this attribute, which GAP-M classes as set at release, is still accurate.",proposed,not_reviewed,not_sampled,NIST IR 8477 supportive relationship mapping,regulatory_disclosure_requirement,not_audited,example_of,,,False,,,,keep,"Passes T1–T3: the control's stated activity bears on the element as written, and the rationale matches the source text and the control text."
GM-HF-03>HTI:B1.ii,GM-HF-03,HTI:B1.ii,ONC HTI-1 (b)(11),source_attribute,(B)(1)(ii),Funding source of the technical implementation for the intervention(s) development,supports,example_of,"Periodic review confirms this attribute, which GAP-M classes as set at release, is still accurate.",proposed,not_reviewed,not_sampled,NIST IR 8477 supportive relationship mapping,regulatory_disclosure_requirement,not_audited,example_of,,,False,,,,keep,"Passes T1–T3: the control's stated activity bears on the element as written, and the rationale matches the source text and the control text."
GM-HF-03>HTI:B1.iii,GM-HF-03,HTI:B1.iii,ONC HTI-1 (b)(11),source_attribute,(B)(1)(iii),Description of value that the intervention produces as an output,supports,example_of,"Periodic review confirms this attribute, which GAP-M classes as set at release, is still accurate.",revised,Accept all three; reword,random_sample,NIST IR 8477 supportive relationship mapping,regulatory_disclosure_requirement,not_audited,example_of,,,False,,,,keep,"Passes T1–T3: the control's stated activity bears on the element as written, and the rationale matches the source text and the control text."
GM-HF-03>HTI:B1.iv,GM-HF-03,HTI:B1.iv,ONC HTI-1 (b)(11),source_attribute,(B)(1)(iv),"Whether the intervention output is a prediction, classification, recommendation, evaluation, analysis, or other type of output",supports,example_of,"Periodic review confirms this attribute, which GAP-M classes as set at release, is still accurate.",proposed,not_reviewed,not_sampled,NIST IR 8477 supportive relationship mapping,regulatory_disclosure_requirement,not_audited,example_of,,,False,,,,keep,"Passes T1–T3: the control's stated activity bears on the element as written, and the rationale matches the source text and the control text."
GM-HF-03>HTI:B2.i,GM-HF-03,HTI:B2.i,ONC HTI-1 (b)(11),source_attribute,(B)(2)(i),Intended use of the intervention,supports,example_of,"Periodic review confirms this attribute, which GAP-M classes as set at release, is still accurate.",proposed,not_reviewed,not_sampled,NIST IR 8477 supportive relationship mapping,regulatory_disclosure_requirement,not_audited,example_of,,,False,,,,keep,"Passes T1–T3: the control's stated activity bears on the element as written, and the rationale matches the source text and the control text."
GM-HF-03>HTI:B2.ii,GM-HF-03,HTI:B2.ii,ONC HTI-1 (b)(11),source_attribute,(B)(2)(ii),Intended patient population(s) for the intervention's use,supports,example_of,"Periodic review confirms this attribute, which GAP-M classes as set at release, is still accurate.",proposed,not_reviewed,not_sampled,NIST IR 8477 supportive relationship mapping,regulatory_disclosure_requirement,not_audited,example_of,,,False,,,,keep,"Passes T1–T3: the control's stated activity bears on the element as written, and the rationale matches the source text and the control text."
GM-HF-03>HTI:B2.iii,GM-HF-03,HTI:B2.iii,ONC HTI-1 (b)(11),source_attribute,(B)(2)(iii),Intended user(s),supports,example_of,"Periodic review confirms this attribute, which GAP-M classes as set at release, is still accurate.",proposed,not_reviewed,not_sampled,NIST IR 8477 supportive relationship mapping,regulatory_disclosure_requirement,not_audited,example_of,,,False,,,,keep,"Passes T1–T3: the control's stated activity bears on the element as written, and the rationale matches the source text and the control text."
GM-HF-03>HTI:B2.iv,GM-HF-03,HTI:B2.iv,ONC HTI-1 (b)(11),source_attribute,(B)(2)(iv),"Intended decision-making role for which the intervention was designed to be used/for (e.g., informs, augments, replaces clinical management)",supports,example_of,"Periodic review confirms this attribute, which GAP-M classes as set at release, is still accurate.",proposed,not_reviewed,not_sampled,NIST IR 8477 supportive relationship mapping,regulatory_disclosure_requirement,not_audited,example_of,,,False,,,,keep,"Passes T1–T3: the control's stated activity bears on the element as written, and the rationale matches the source text and the control text."
GM-HF-03>HTI:B3.i,GM-HF-03,HTI:B3.i,ONC HTI-1 (b)(11),source_attribute,(B)(3)(i),"Description of tasks, situations, or populations where a user is cautioned against applying the intervention",supports,example_of,"Periodic review confirms this attribute, which GAP-M classes as set at release, is still accurate.",proposed,not_reviewed,not_sampled,NIST IR 8477 supportive relationship mapping,regulatory_disclosure_requirement,not_audited,example_of,,,False,,,,keep,"Passes T1–T3: the control's stated activity bears on the element as written, and the rationale matches the source text and the control text."
GM-HF-03>HTI:B3.ii,GM-HF-03,HTI:B3.ii,ONC HTI-1 (b)(11),source_attribute,(B)(3)(ii),"Known risks, inappropriate settings, inappropriate uses, or known limitations",supports,example_of,Recording newly found risks and limitations is one way the deploying organization keeps this attribute current.,proposed,not_reviewed,not_sampled,NIST IR 8477 supportive relationship mapping,regulatory_disclosure_requirement,revised,integral_to,"The developer can update known risks under (v)(A)(1); deployer recording under (v)(B)(1) is one route, not the only one.",,False,,,,not_applicable,
GM-HF-03>HTI:B4.i,GM-HF-03,HTI:B4.i,ONC HTI-1 (b)(11),source_attribute,(B)(4)(i),Exclusion and inclusion criteria that influenced the training data set,supports,example_of,"Periodic review confirms this attribute, which GAP-M classes as set at release, is still accurate.",proposed,not_reviewed,not_sampled,NIST IR 8477 supportive relationship mapping,regulatory_disclosure_requirement,not_audited,example_of,,,False,,,,keep,"Passes T1–T3: the control's stated activity bears on the element as written, and the rationale matches the source text and the control text."
GM-HF-03>HTI:B4.ii,GM-HF-03,HTI:B4.ii,ONC HTI-1 (b)(11),source_attribute,(B)(4)(ii),Use of variables in paragraphs (b)(11)(iv)(A)(5) through (13) of this section as input features,supports,example_of,"Periodic review confirms this attribute, which GAP-M classes as set at release, is still accurate.",proposed,not_reviewed,not_sampled,NIST IR 8477 supportive relationship mapping,regulatory_disclosure_requirement,not_audited,example_of,,,False,,,,keep,"Passes T1–T3: the control's stated activity bears on the element as written, and the rationale matches the source text and the control text."
GM-HF-03>HTI:B4.iii,GM-HF-03,HTI:B4.iii,ONC HTI-1 (b)(11),source_attribute,(B)(4)(iii),"Description of demographic representativeness according to variables in paragraphs (b)(11)(iv)(A)(5) through (13) of this section including, at a minimum, those used as input features in the intervention",supports,example_of,"Periodic review confirms this attribute, which GAP-M classes as set at release, is still accurate.",proposed,not_reviewed,not_sampled,NIST IR 8477 supportive relationship mapping,regulatory_disclosure_requirement,not_audited,example_of,,,False,,,,keep,"Passes T1–T3: the control's stated activity bears on the element as written, and the rationale matches the source text and the control text."
GM-HF-03>HTI:B4.iv,GM-HF-03,HTI:B4.iv,ONC HTI-1 (b)(11),source_attribute,(B)(4)(iv),Description of relevance of training data to intended deployed setting,supports,example_of,Recording local drift findings is one way to keep the relevance statement accurate.,proposed,not_reviewed,not_sampled,NIST IR 8477 supportive relationship mapping,regulatory_disclosure_requirement,revised,integral_to,Developer statement about the intended deployed setting; the developer can keep it current. The 'evidence_accruing' class is GAP-M's analytic choice.,,False,,,,not_applicable,
GM-HF-03>HTI:B5.i,GM-HF-03,HTI:B5.i,ONC HTI-1 (b)(11),source_attribute,(B)(5)(i),Description of the approach the intervention developer has taken to ensure that the intervention's output is fair,supports,example_of,"Periodic review confirms this attribute, which GAP-M classes as set at release, is still accurate.",proposed,not_reviewed,not_sampled,NIST IR 8477 supportive relationship mapping,regulatory_disclosure_requirement,not_audited,example_of,,,False,,,,keep,"Passes T1–T3: the control's stated activity bears on the element as written, and the rationale matches the source text and the control text."
GM-HF-03>HTI:B5.ii,GM-HF-03,HTI:B5.ii,ONC HTI-1 (b)(11),source_attribute,(B)(5)(ii),"Description of approaches to manage, reduce, or eliminate bias",supports,example_of,"Periodic review confirms this attribute, which GAP-M classes as set at release, is still accurate.",proposed,not_reviewed,not_sampled,NIST IR 8477 supportive relationship mapping,regulatory_disclosure_requirement,not_audited,example_of,,,False,,,,keep,"Passes T1–T3: the control's stated activity bears on the element as written, and the rationale matches the source text and the control text."
GM-HF-03>HTI:B6.i,GM-HF-03,HTI:B6.i,ONC HTI-1 (b)(11),source_attribute,(B)(6)(i),"Description of the data source, clinical setting, or environment where an intervention's validity and fairness has been assessed, other than the source of training and testing data",supports,example_of,Updating the record when a new external validation appears is one way to keep this attribute current.,proposed,not_reviewed,not_sampled,NIST IR 8477 supportive relationship mapping,regulatory_disclosure_requirement,revised,integral_to,External validation descriptions are developer-held; the developer can keep them current under (v)(A)(1).,,False,,,,not_applicable,
GM-HF-03>HTI:B6.ii,GM-HF-03,HTI:B6.ii,ONC HTI-1 (b)(11),source_attribute,(B)(6)(ii),Party that conducted the external testing,supports,example_of,Updating the record when a new external validation appears is one way to keep this attribute current.,proposed,not_reviewed,not_sampled,NIST IR 8477 supportive relationship mapping,regulatory_disclosure_requirement,revised,integral_to,As (B)(6)(i).,,False,,,,not_applicable,
GM-HF-03>HTI:B6.iii,GM-HF-03,HTI:B6.iii,ONC HTI-1 (b)(11),source_attribute,(B)(6)(iii),"Description of demographic representativeness of external data according to variables in paragraph (b)(11)(iv)(A)(5)-(13) including, at a minimum, those used as input features in the intervention",supports,example_of,Updating the record when a new external validation appears is one way to keep this attribute current.,accepted,Accept,random_sample,NIST IR 8477 supportive relationship mapping,regulatory_disclosure_requirement,revised,integral_to,As (B)(6)(i).,,False,,,,not_applicable,
GM-HF-03>HTI:B6.iv,GM-HF-03,HTI:B6.iv,ONC HTI-1 (b)(11),source_attribute,(B)(6)(iv),Description of external validation process,supports,example_of,Updating the record when a new external validation appears is one way to keep this attribute current.,proposed,not_reviewed,not_sampled,NIST IR 8477 supportive relationship mapping,regulatory_disclosure_requirement,revised,integral_to,As (B)(6)(i).,,False,,,,not_applicable,
GM-HF-03>HTI:B7.i,GM-HF-03,HTI:B7.i,ONC HTI-1 (b)(11),source_attribute,(B)(7)(i),Validity of intervention in test data derived from the same source as the initial training data,supports,example_of,"Periodic review confirms this attribute, which GAP-M classes as set at release, is still accurate.",revised,Accept all three; reword,random_sample,NIST IR 8477 supportive relationship mapping,regulatory_disclosure_requirement,not_audited,example_of,,,False,,,,keep,"Passes T1–T3: the control's stated activity bears on the element as written, and the rationale matches the source text and the control text."
GM-HF-03>HTI:B7.ii,GM-HF-03,HTI:B7.ii,ONC HTI-1 (b)(11),source_attribute,(B)(7)(ii),Fairness of intervention in test data derived from the same source as the initial training data,supports,example_of,"Periodic review confirms this attribute, which GAP-M classes as set at release, is still accurate.",revised,Accept all three; reword,random_sample,NIST IR 8477 supportive relationship mapping,regulatory_disclosure_requirement,not_audited,example_of,,,False,,,,keep,"Passes T1–T3: the control's stated activity bears on the element as written, and the rationale matches the source text and the control text."
GM-HF-03>HTI:B7.iii,GM-HF-03,HTI:B7.iii,ONC HTI-1 (b)(11),source_attribute,(B)(7)(iii),Validity of intervention in data external to or from a different source than the initial training data,supports,example_of,Updating the record when new external validity results appear is one way to keep this attribute current.,proposed,not_reviewed,not_sampled,NIST IR 8477 supportive relationship mapping,regulatory_disclosure_requirement,revised,integral_to,Developer-held external result; the developer can keep it current.,,False,,,,not_applicable,
GM-HF-03>HTI:B7.iv,GM-HF-03,HTI:B7.iv,ONC HTI-1 (b)(11),source_attribute,(B)(7)(iv),Fairness of intervention in data external to or from a different source than the initial training data,supports,example_of,Updating the record when new external fairness results appear is one way to keep this attribute current.,proposed,not_reviewed,not_sampled,NIST IR 8477 supportive relationship mapping,regulatory_disclosure_requirement,revised,integral_to,Developer-held external result; the developer can keep it current.,,False,,,,not_applicable,
GM-HF-03>HTI:B7.v,GM-HF-03,HTI:B7.v,ONC HTI-1 (b)(11),source_attribute,(B)(7)(v),"References to evaluation of use of the intervention on outcomes, including, bibliographic citations or hyperlinks to evaluations of how well the intervention reduced morbidity, mortality, length of stay, or other outcomes",supports,example_of,Adding new outcome evaluations to the record is one way to keep this attribute current.,proposed,not_reviewed,not_sampled,NIST IR 8477 supportive relationship mapping,regulatory_disclosure_requirement,revised,integral_to,References can cite evaluations the developer tracks.,,False,,,,not_applicable,
GM-HF-03>HTI:B8.i,GM-HF-03,HTI:B8.i,ONC HTI-1 (b)(11),source_attribute,(B)(8)(i),Description of process and frequency by which the intervention's validity is monitored over time,supports,example_of,Keeping the displayed process description in line with the process actually run is one way to keep this attribute accurate.,proposed,not_reviewed,not_sampled,NIST IR 8477 supportive relationship mapping,regulatory_disclosure_requirement,revised,integral_to,The process description may describe the developer's process.,,False,,,,not_applicable,
GM-HF-03>HTI:B8.ii,GM-HF-03,HTI:B8.ii,ONC HTI-1 (b)(11),source_attribute,(B)(8)(ii),Validity of intervention in local data,supports,example_of,Recording each new local validity result is one way the value shown to users stays current.,accepted,Accept; soften relevance wording,census_conditional,NIST IR 8477 supportive relationship mapping,regulatory_disclosure_requirement,unresolved,integral_to,"Only the deployer holds local data, so some deployer action is necessary for a current local validity value. That action can be recording it in the module under (v)(B)(1) (HF-03) or sending results to the developer to publish. HF-03 is necessary only if the deployer records the value itself.",integral_to if GAP-M specifies that deploying organizations record local values themselves under (v)(B)(1).,True,supported,(B)(8)(ii) is 'Validity of intervention in local data'. Recording each new local validity result in the attribute record is one way a measured value reaches the record.,,not_applicable,
GM-HF-03>HTI:B8.iii,GM-HF-03,HTI:B8.iii,ONC HTI-1 (b)(11),source_attribute,(B)(8)(iii),Description of the process and frequency by which the intervention's fairness is monitored over time,supports,example_of,Keeping the displayed process description in line with the process actually run is one way to keep this attribute accurate.,accepted,Accept,random_sample,NIST IR 8477 supportive relationship mapping,regulatory_disclosure_requirement,revised,integral_to,The process description may describe the developer's process.,,False,,,,not_applicable,
GM-HF-03>HTI:B8.iv,GM-HF-03,HTI:B8.iv,ONC HTI-1 (b)(11),source_attribute,(B)(8)(iv),Fairness of intervention in local data,supports,example_of,Recording each new local fairness result is one way the value shown to users stays current.,accepted,Accept; soften relevance wording,census_conditional,NIST IR 8477 supportive relationship mapping,regulatory_disclosure_requirement,unresolved,integral_to,"As (B)(8)(ii): deployer action is necessary, but HF-03's recording route is one of two routes.",integral_to if GAP-M specifies that deploying organizations record local values themselves under (v)(B)(1).,True,supported,(B)(8)(iv) is 'Fairness of intervention in local data'. Recording each new local fairness result in the attribute record is one way a measured value reaches the record.,,not_applicable,
GM-HF-03>HTI:B9.i,GM-HF-03,HTI:B9.i,ONC HTI-1 (b)(11),source_attribute,(B)(9)(i),Description of process and frequency by which the intervention is updated,supports,example_of,Keeping the displayed update process in line with practice is one way to keep this attribute accurate.,proposed,not_reviewed,not_sampled,NIST IR 8477 supportive relationship mapping,regulatory_disclosure_requirement,revised,integral_to,The update-process description may describe the developer's process.,,False,,,,not_applicable,
GM-HF-03>HTI:B9.ii,GM-HF-03,HTI:B9.ii,ONC HTI-1 (b)(11),source_attribute,(B)(9)(ii),Description of frequency by which the intervention's performance is corrected when risks related to validity and fairness are identified,supports,example_of,Keeping the displayed correction frequency in line with practice is one way to keep this attribute accurate.,accepted,Accept,random_sample,NIST IR 8477 supportive relationship mapping,regulatory_disclosure_requirement,revised,integral_to,The correction-frequency description may describe the developer's practice.,,False,,,,not_applicable,
GM-SEC-01>A84:SEC-B1,GM-SEC-01,A84:SEC-B1,NIST AI 800-4,category_barrier,SEC-B1,Detecting deceptive behavior,supports,example_of,Comparing production with evaluation behavior is one check for deceptive behavior.,proposed,not_reviewed,not_sampled,NIST IR 8477 supportive relationship mapping,monitoring_challenge,revised,integral_to,AI 800-4 rule.,,False,,,,not_applicable,
GM-SEC-01>A84:SEC,GM-SEC-01,A84:SEC,NIST AI 800-4,monitoring_category,SEC,Security Monitoring,supports,example_of,Detecting attack and misuse attempts is one form of security monitoring.,proposed,not_reviewed,not_sampled,NIST IR 8477 supportive relationship mapping,monitoring_challenge,revised,integral_to,AI 800-4 rule.,,False,,,,not_applicable,
GM-SEC-01>CPG:4.B,GM-SEC-01,CPG:4.B,CISA CPG 2.0,goal,4.B,Identify Adverse Events,supports,example_of,AI-specific anomaly rules extend the organization's adverse-event criteria to the AI system.,accepted,Accept,random_sample,NIST IR 8477 supportive relationship mapping,voluntary_practice,revised,integral_to,CPG 4.B's Recommended Action is organization-wide adverse-event criteria and processes (Scope: organization-wide); general criteria can cover the AI host without AI-specific detection rules such as crafted-input or out-of-distribution detection.,,False,,,,not_applicable,
GM-SEC-01>RMF:MEASURE-2.7,GM-SEC-01,RMF:MEASURE-2.7,AI RMF 1.0,subcategory,MEASURE 2.7,MEASURE 2.7,supports,example_of,Attack and misuse detection in production adds to the security and resilience evaluation.,proposed,not_reviewed,not_sampled,NIST IR 8477 supportive relationship mapping,guidance,not_audited,example_of,,,False,,,,keep,"Passes T1–T3: the control's stated activity bears on the element as written, and the rationale matches the source text and the control text."
GM-SEC-01>RMF:MEASURE-2.6,GM-SEC-01,RMF:MEASURE-2.6,AI RMF 1.0,subcategory,MEASURE 2.6,MEASURE 2.6,supports,example_of,Detecting inputs beyond the system's knowledge limits supports safe failure.,proposed,not_reviewed,not_sampled,NIST IR 8477 supportive relationship mapping,guidance,not_audited,example_of,,,False,,,,keep,"Passes T1–T3: the control's stated activity bears on the element as written, and the rationale matches the source text and the control text."
GM-SEC-01>HTI:B3.ii,GM-SEC-01,HTI:B3.ii,ONC HTI-1 (b)(11),source_attribute,(B)(3)(ii),"Known risks, inappropriate settings, inappropriate uses, or known limitations",supports,example_of,Confirmed misuse patterns become known risks in the source-attribute record.,proposed,not_reviewed,not_sampled,NIST IR 8477 supportive relationship mapping,regulatory_disclosure_requirement,not_audited,example_of,,,False,,,,keep,"Passes T1–T3: the control's stated activity bears on the element as written, and the rationale matches the source text and the control text."
GM-SEC-02>CPG:2.B,GM-SEC-02,CPG:2.B,CISA CPG 2.0,goal,2.B,Mitigate Known Vulnerabilities,supports,integral_to,"AI software components the organization operates are organizational assets, so they fall within the vulnerability management program this goal requires.",accepted,Accept,census_integral_to,NIST IR 8477 supportive relationship mapping,voluntary_practice,supported,integral_to,CPG 2.B's Scope is 'All organizational assets' and its Recommended Action is a vulnerability management program to patch and mitigate software; AI serving software and libraries are organizational software assets. AI-specific weaknesses (beyond CVEs) are an extra.,,False,,,,not_applicable,
GM-SEC-02>CPG:1.D,GM-SEC-02,CPG:1.D,CISA CPG 2.0,goal,1.D,Supply Chain Incident Reporting & Vulnerability Disclosure,supports,example_of,Developer vulnerability disclosure is part of supply chain reporting.,accepted,Accept,random_sample,NIST IR 8477 supportive relationship mapping,voluntary_practice,not_audited,example_of,,,False,,,,keep,"Passes T1–T3: the control's stated activity bears on the element as written, and the rationale matches the source text and the control text."
GM-SEC-02>RMF:MEASURE-2.7,GM-SEC-02,RMF:MEASURE-2.7,AI RMF 1.0,subcategory,MEASURE 2.7,MEASURE 2.7,supports,example_of,Vulnerability results are evidence for the security evaluation.,proposed,not_reviewed,not_sampled,NIST IR 8477 supportive relationship mapping,guidance,not_audited,example_of,,,False,,,,keep,"Passes T1–T3: the control's stated activity bears on the element as written, and the rationale matches the source text and the control text."
GM-SEC-02>RMF:MANAGE-3.1,GM-SEC-02,RMF:MANAGE-3.1,AI RMF 1.0,subcategory,MANAGE 3.1,MANAGE 3.1,supports,example_of,Tracking vulnerabilities in third-party AI software monitors third-party risk.,proposed,not_reviewed,not_sampled,NIST IR 8477 supportive relationship mapping,guidance,not_audited,example_of,,,False,,,,keep,"Passes T1–T3: the control's stated activity bears on the element as written, and the rationale matches the source text and the control text."
GM-SEC-02>RMF:GOVERN-6.1,GM-SEC-02,RMF:GOVERN-6.1,AI RMF 1.0,subcategory,GOVERN 6.1,GOVERN 6.1,supports,example_of,Vulnerability disclosure terms put third-party AI risk policy into practice.,proposed,not_reviewed,not_sampled,NIST IR 8477 supportive relationship mapping,guidance,not_audited,example_of,,,False,,,,keep,"Passes T1–T3: the control's stated activity bears on the element as written, and the rationale matches the source text and the control text."
GM-SEC-02>A84:SEC,GM-SEC-02,A84:SEC,NIST AI 800-4,monitoring_category,SEC,Security Monitoring,supports,example_of,Vulnerability tracking measures where the system is exposed to attack.,proposed,not_reviewed,not_sampled,NIST IR 8477 supportive relationship mapping,monitoring_challenge,not_audited,example_of,,,False,,,,keep,"Passes T1–T3: the control's stated activity bears on the element as written, and the rationale matches the source text and the control text."
GM-SEC-02>A84:XC-PC-B1,GM-SEC-02,A84:XC-PC-B1,NIST AI 800-4,crosscutting_barrier,XC-PC-B1,Rapidly shifting landscape across the AI stack,supports,example_of,Continuous scanning keeps up with changes across the AI software stack.,proposed,not_reviewed,not_sampled,NIST IR 8477 supportive relationship mapping,monitoring_challenge,not_audited,example_of,,,False,,,,keep,"Passes T1–T3: the control's stated activity bears on the element as written, and the rationale matches the source text and the control text."
GM-SEC-03>CPG:3.H,GM-SEC-03,CPG:3.H,CISA CPG 2.0,goal,3.H,Implement the Principles of Least Privilege,supports,integral_to,Least privilege over AI configuration and monitoring data is this CPG goal applied to AI.,accepted,Accept,census_integral_to,NIST IR 8477 supportive relationship mapping,voluntary_practice,supported,integral_to,"CPG 3.H's Recommended Action is that 'All user accounts, system roles, and processes operate with the minimum privileges necessary' (Scope: all organizational accounts); accounts with access to AI configuration and monitoring data are included.",,False,,,,not_applicable,
GM-SEC-03>CPG:3.F,GM-SEC-03,CPG:3.F,CISA CPG 2.0,goal,3.F,Implement Multi-factor Authentication,supports,example_of,MFA protects AI administration access.,proposed,not_reviewed,not_sampled,NIST IR 8477 supportive relationship mapping,voluntary_practice,not_audited,example_of,,,False,,,,keep,"Passes T1–T3: the control's stated activity bears on the element as written, and the rationale matches the source text and the control text."
GM-SEC-03>CPG:3.G,GM-SEC-03,CPG:3.G,CISA CPG 2.0,goal,3.G,Administrators Maintain Separate User and Privileged Accounts,supports,example_of,Administrators use separate privileged accounts for AI configuration.,proposed,not_reviewed,not_sampled,NIST IR 8477 supportive relationship mapping,voluntary_practice,not_audited,example_of,,,False,,,,keep,"Passes T1–T3: the control's stated activity bears on the element as written, and the rationale matches the source text and the control text."
GM-SEC-03>CPG:3.D,GM-SEC-03,CPG:3.D,CISA CPG 2.0,goal,3.D,Revoking Credentials for Departing Staff,supports,example_of,Departing staff lose access to AI configuration and monitoring data.,proposed,not_reviewed,not_sampled,NIST IR 8477 supportive relationship mapping,voluntary_practice,not_audited,example_of,,,False,,,,keep,"Passes T1–T3: the control's stated activity bears on the element as written, and the rationale matches the source text and the control text."
GM-SEC-03>CPG:3.E,GM-SEC-03,CPG:3.E,CISA CPG 2.0,goal,3.E,Monitor Unsuccessful (Automated) Login Attempts,supports,example_of,Failed logins to AI administration endpoints are monitored.,proposed,not_reviewed,not_sampled,NIST IR 8477 supportive relationship mapping,voluntary_practice,not_audited,example_of,,,False,,,,keep,"Passes T1–T3: the control's stated activity bears on the element as written, and the rationale matches the source text and the control text."
GM-SEC-03>RMF:MEASURE-2.7,GM-SEC-03,RMF:MEASURE-2.7,AI RMF 1.0,subcategory,MEASURE 2.7,MEASURE 2.7,supports,example_of,Access control evidence supports the security evaluation.,proposed,not_reviewed,not_sampled,NIST IR 8477 supportive relationship mapping,guidance,not_audited,example_of,,,False,,,,keep,"Passes T1–T3: the control's stated activity bears on the element as written, and the rationale matches the source text and the control text."
GM-SEC-03>A84:SEC,GM-SEC-03,A84:SEC,NIST AI 800-4,monitoring_category,SEC,Security Monitoring,supports,example_of,Unauthorized change to models or monitoring records is a misuse path within the scope of security monitoring.,proposed,not_reviewed,not_sampled,NIST IR 8477 supportive relationship mapping,monitoring_challenge,not_audited,example_of,,,False,,,,keep,"Passes T1–T3: the control's stated activity bears on the element as written, and the rationale matches the source text and the control text."
GM-SEC-04>A84:XC-TMT-B3,GM-SEC-04,A84:XC-TMT-B3,NIST AI 800-4,crosscutting_barrier,XC-TMT-B3,Monitoring may infringe security and privacy,supports,example_of,Privacy-preserving handling of monitoring data is one response to the concern that monitoring may infringe privacy.,accepted,Accept,random_sample,NIST IR 8477 supportive relationship mapping,monitoring_challenge,revised,integral_to,AI 800-4 rule.,,False,,,,not_applicable,
GM-SEC-04>RMF:MEASURE-2.10,GM-SEC-04,RMF:MEASURE-2.10,AI RMF 1.0,subcategory,MEASURE 2.10,MEASURE 2.10,supports,example_of,Examining the privacy risk of the AI system includes the privacy risk of monitoring it.,proposed,not_reviewed,not_sampled,NIST IR 8477 supportive relationship mapping,guidance,not_audited,example_of,,,False,,,,keep,"Passes T1–T3: the control's stated activity bears on the element as written, and the rationale matches the source text and the control text."
GM-SEC-04>RMF:MAP-1.6,GM-SEC-04,RMF:MAP-1.6,AI RMF 1.0,subcategory,MAP 1.6,MAP 1.6,supports,example_of,Privacy requirements for monitoring data are elicited system requirements.,proposed,not_reviewed,not_sampled,NIST IR 8477 supportive relationship mapping,guidance,not_audited,example_of,,,False,,,,keep,"Passes T1–T3: the control's stated activity bears on the element as written, and the rationale matches the source text and the control text."
GM-SEC-04>CPG:3.K,GM-SEC-04,CPG:3.K,CISA CPG 2.0,goal,3.K,Utilize Strong Encryption,supports,example_of,Monitoring data are protected with strong encryption.,proposed,not_reviewed,not_sampled,NIST IR 8477 supportive relationship mapping,voluntary_practice,not_audited,example_of,,,False,,,,keep,"Passes T1–T3: the control's stated activity bears on the element as written, and the rationale matches the source text and the control text."
GM-CMP-01>RMF:GOVERN-1.1,GM-CMP-01,RMF:GOVERN-1.1,AI RMF 1.0,subcategory,GOVERN 1.1,GOVERN 1.1,supports,integral_to,GOVERN 1.1 requires AI legal and regulatory requirements to be documented; documenting them is this control's core.,accepted,Accept,census_integral_to,NIST IR 8477 supportive relationship mapping,guidance,supported,integral_to,"GOVERN 1.1 requires legal and regulatory requirements involving AI to be 'documented'; the core (a documented record of applicable AI requirements, organization-level or system-level) is that documentation. The per-system evidence mapping is an extra.",,False,,,,not_applicable,
GM-CMP-01>A84:CMP-B1,GM-CMP-01,A84:CMP-B1,NIST AI 800-4,category_barrier,CMP-B1,Navigating the complexity of the policy landscape,supports,example_of,A maintained requirements register is one tool for navigating a complex policy landscape.,proposed,not_reviewed,not_sampled,NIST IR 8477 supportive relationship mapping,monitoring_challenge,revised,integral_to,AI 800-4 rule.,,False,,,,not_applicable,
GM-CMP-01>A84:CMP,GM-CMP-01,A84:CMP,NIST AI 800-4,monitoring_category,CMP,Compliance Monitoring,supports,example_of,A requirements register lists the obligations compliance monitoring measures against.,proposed,not_reviewed,not_sampled,NIST IR 8477 supportive relationship mapping,monitoring_challenge,revised,integral_to,AI 800-4 rule.,,False,,,,not_applicable,
GM-CMP-01>RMF:MAP-1.1,GM-CMP-01,RMF:MAP-1.1,AI RMF 1.0,subcategory,MAP 1.1,MAP 1.1,supports,example_of,The register documents context-specific laws for the deployment setting.,proposed,not_reviewed,not_sampled,NIST IR 8477 supportive relationship mapping,guidance,not_audited,example_of,,,False,,,,keep,"Passes T1–T3: the control's stated activity bears on the element as written, and the rationale matches the source text and the control text."
GM-CMP-01>CPG:1.A,GM-CMP-01,CPG:1.A,CISA CPG 2.0,goal,1.A,Establish Cybersecurity Responsibilities,supports,example_of,CPG 1.A asks that legal and regulatory cybersecurity requirements are implemented and managed.,accepted,Accept,random_sample,NIST IR 8477 supportive relationship mapping,voluntary_practice,not_audited,example_of,,,False,,,,keep,"Passes T1–T3: the control's stated activity bears on the element as written, and the rationale matches the source text and the control text."
GM-CMP-01>CPG:1.B,GM-CMP-01,CPG:1.B,CISA CPG 2.0,goal,1.B,Manage Cybersecurity Oversight,supports,example_of,Regulatory obligations feed the organization's governance policies.,accepted,Accept,random_sample,NIST IR 8477 supportive relationship mapping,voluntary_practice,not_audited,example_of,,,False,,,,keep,"Passes T1–T3: the control's stated activity bears on the element as written, and the rationale matches the source text and the control text."
GM-CMP-02>HTI:B6.i,GM-CMP-02,HTI:B6.i,ONC HTI-1 (b)(11),source_attribute,(B)(6)(i),"Description of the data source, clinical setting, or environment where an intervention's validity and fairness has been assessed, other than the source of training and testing data",supports,example_of,"The audit checks that missing external validation information is shown as not available, the indication 170.315(b)(11)(v)(A)(2) calls for.",proposed,not_reviewed,not_sampled,NIST IR 8477 supportive relationship mapping,regulatory_disclosure_requirement,not_audited,example_of,,,False,,,,keep,"The not-available indication is an obligation of the Health IT Module ((v)(A)(2)); the deployer's audit checks the module's behaviour, it does not meet the obligation."
GM-CMP-02>HTI:B6.ii,GM-CMP-02,HTI:B6.ii,ONC HTI-1 (b)(11),source_attribute,(B)(6)(ii),Party that conducted the external testing,supports,example_of,The audit checks the not-available indication for this attribute.,proposed,not_reviewed,not_sampled,NIST IR 8477 supportive relationship mapping,regulatory_disclosure_requirement,not_audited,example_of,,,False,,,,keep,"Passes T1–T3: the control's stated activity bears on the element as written, and the rationale matches the source text and the control text."
GM-CMP-02>HTI:B6.iii,GM-CMP-02,HTI:B6.iii,ONC HTI-1 (b)(11),source_attribute,(B)(6)(iii),"Description of demographic representativeness of external data according to variables in paragraph (b)(11)(iv)(A)(5)-(13) including, at a minimum, those used as input features in the intervention",supports,example_of,The audit checks the not-available indication for this attribute.,proposed,not_reviewed,not_sampled,NIST IR 8477 supportive relationship mapping,regulatory_disclosure_requirement,not_audited,example_of,,,False,,,,keep,"Passes T1–T3: the control's stated activity bears on the element as written, and the rationale matches the source text and the control text."
GM-CMP-02>HTI:B6.iv,GM-CMP-02,HTI:B6.iv,ONC HTI-1 (b)(11),source_attribute,(B)(6)(iv),Description of external validation process,supports,example_of,The audit checks the not-available indication for this attribute.,proposed,not_reviewed,not_sampled,NIST IR 8477 supportive relationship mapping,regulatory_disclosure_requirement,not_audited,example_of,,,False,,,,keep,"Passes T1–T3: the control's stated activity bears on the element as written, and the rationale matches the source text and the control text."
GM-CMP-02>HTI:B7.iii,GM-CMP-02,HTI:B7.iii,ONC HTI-1 (b)(11),source_attribute,(B)(7)(iii),Validity of intervention in data external to or from a different source than the initial training data,supports,example_of,The audit checks the not-available indication for this attribute.,proposed,not_reviewed,not_sampled,NIST IR 8477 supportive relationship mapping,regulatory_disclosure_requirement,not_audited,example_of,,,False,,,,keep,"Passes T1–T3: the control's stated activity bears on the element as written, and the rationale matches the source text and the control text."
GM-CMP-02>HTI:B7.iv,GM-CMP-02,HTI:B7.iv,ONC HTI-1 (b)(11),source_attribute,(B)(7)(iv),Fairness of intervention in data external to or from a different source than the initial training data,supports,example_of,The audit checks the not-available indication for this attribute.,accepted,Accept,random_sample,NIST IR 8477 supportive relationship mapping,regulatory_disclosure_requirement,not_audited,example_of,,,False,,,,keep,"Passes T1–T3: the control's stated activity bears on the element as written, and the rationale matches the source text and the control text."
GM-CMP-02>HTI:B7.v,GM-CMP-02,HTI:B7.v,ONC HTI-1 (b)(11),source_attribute,(B)(7)(v),"References to evaluation of use of the intervention on outcomes, including, bibliographic citations or hyperlinks to evaluations of how well the intervention reduced morbidity, mortality, length of stay, or other outcomes",supports,example_of,The audit checks the not-available indication for this attribute.,proposed,not_reviewed,not_sampled,NIST IR 8477 supportive relationship mapping,regulatory_disclosure_requirement,not_audited,example_of,,,False,,,,keep,"Passes T1–T3: the control's stated activity bears on the element as written, and the rationale matches the source text and the control text."
GM-CMP-02>HTI:B8.ii,GM-CMP-02,HTI:B8.ii,ONC HTI-1 (b)(11),source_attribute,(B)(8)(ii),Validity of intervention in local data,supports,example_of,The audit checks the not-available indication for this attribute.,accepted,Accept,random_sample,NIST IR 8477 supportive relationship mapping,regulatory_disclosure_requirement,not_audited,example_of,,,False,,,,keep,"Passes T1–T3: the control's stated activity bears on the element as written, and the rationale matches the source text and the control text."
GM-CMP-02>HTI:B8.iv,GM-CMP-02,HTI:B8.iv,ONC HTI-1 (b)(11),source_attribute,(B)(8)(iv),Fairness of intervention in local data,supports,example_of,The audit checks the not-available indication for this attribute.,proposed,not_reviewed,not_sampled,NIST IR 8477 supportive relationship mapping,regulatory_disclosure_requirement,not_audited,example_of,,,False,,,,keep,"Passes T1–T3: the control's stated activity bears on the element as written, and the rationale matches the source text and the control text."
GM-CMP-02>HTI:B9.i,GM-CMP-02,HTI:B9.i,ONC HTI-1 (b)(11),source_attribute,(B)(9)(i),Description of process and frequency by which the intervention is updated,supports,example_of,The audit checks the not-available indication for this attribute.,proposed,not_reviewed,not_sampled,NIST IR 8477 supportive relationship mapping,regulatory_disclosure_requirement,not_audited,example_of,,,False,,,,keep,"Passes T1–T3: the control's stated activity bears on the element as written, and the rationale matches the source text and the control text."
GM-CMP-02>HTI:B9.ii,GM-CMP-02,HTI:B9.ii,ONC HTI-1 (b)(11),source_attribute,(B)(9)(ii),Description of frequency by which the intervention's performance is corrected when risks related to validity and fairness are identified,supports,example_of,The audit checks the not-available indication for this attribute.,accepted,Accept,random_sample,NIST IR 8477 supportive relationship mapping,regulatory_disclosure_requirement,not_audited,example_of,,,False,,,,keep,"Passes T1–T3: the control's stated activity bears on the element as written, and the rationale matches the source text and the control text."
GM-CMP-02>RMF:GOVERN-1.1,GM-CMP-02,RMF:GOVERN-1.1,AI RMF 1.0,subcategory,GOVERN 1.1,GOVERN 1.1,supports,example_of,Auditing attribute completeness documents how one regulatory requirement is being managed.,proposed,not_reviewed,not_sampled,NIST IR 8477 supportive relationship mapping,guidance,not_audited,example_of,,,False,,,,keep,"Passes T1–T3: the control's stated activity bears on the element as written, and the rationale matches the source text and the control text."
GM-CMP-02>A84:CMP,GM-CMP-02,A84:CMP,NIST AI 800-4,monitoring_category,CMP,Compliance Monitoring,supports,example_of,The audit measures adherence to a specific regulatory requirement.,proposed,not_reviewed,not_sampled,NIST IR 8477 supportive relationship mapping,monitoring_challenge,not_audited,example_of,,,False,,,,keep,"Passes T1–T3: the control's stated activity bears on the element as written, and the rationale matches the source text and the control text."
GM-CMP-03>A84:CMP-G1,GM-CMP-03,A84:CMP-G1,NIST AI 800-4,category_gap,CMP-G1,Minimal tracking of terms of service violations,supports,example_of,Flagging use against terms and cautioned uses is one way to track terms-of-service violations.,proposed,not_reviewed,not_sampled,NIST IR 8477 supportive relationship mapping,monitoring_challenge,revised,integral_to,AI 800-4 rule.,,False,,,,not_applicable,
GM-CMP-03>A84:HF-G2,GM-CMP-03,A84:HF-G2,NIST AI 800-4,category_gap,HF-G2,Limited understanding of user intent or perception through usage monitoring,supports,example_of,Out-of-scope use patterns reveal how users actually intend to use the system.,proposed,not_reviewed,not_sampled,NIST IR 8477 supportive relationship mapping,monitoring_challenge,not_audited,example_of,,,False,,,,keep,"Passes T1–T3: the control's stated activity bears on the element as written, and the rationale matches the source text and the control text."
GM-CMP-03>HTI:B2.i,GM-CMP-03,HTI:B2.i,ONC HTI-1 (b)(11),source_attribute,(B)(2)(i),Intended use of the intervention,supports,example_of,Use monitoring checks actual use against the stated intended use.,proposed,not_reviewed,not_sampled,NIST IR 8477 supportive relationship mapping,regulatory_disclosure_requirement,revised,integral_to,(B)(2)(i) is a description of intended use; use monitoring checks conformance to it but the description stays accurate whether or not use conforms.,,False,,,,not_applicable,
GM-CMP-03>HTI:B2.ii,GM-CMP-03,HTI:B2.ii,ONC HTI-1 (b)(11),source_attribute,(B)(2)(ii),Intended patient population(s) for the intervention's use,supports,example_of,Use monitoring checks the patients the intervention runs on against the stated intended population.,proposed,not_reviewed,not_sampled,NIST IR 8477 supportive relationship mapping,regulatory_disclosure_requirement,revised,integral_to,As (B)(2)(i): the intended-population description does not depend on monitoring actual patients.,,False,,,,not_applicable,
GM-CMP-03>HTI:B2.iii,GM-CMP-03,HTI:B2.iii,ONC HTI-1 (b)(11),source_attribute,(B)(2)(iii),Intended user(s),supports,example_of,Flags on unintended user roles check the intended-users attribute.,proposed,not_reviewed,not_sampled,NIST IR 8477 supportive relationship mapping,regulatory_disclosure_requirement,not_audited,example_of,,,False,,,,keep,"Passes T1–T3: the control's stated activity bears on the element as written, and the rationale matches the source text and the control text."
GM-CMP-03>HTI:B2.iv,GM-CMP-03,HTI:B2.iv,ONC HTI-1 (b)(11),source_attribute,(B)(2)(iv),"Intended decision-making role for which the intervention was designed to be used/for (e.g., informs, augments, replaces clinical management)",supports,example_of,Flags on use beyond the intended decision role check that attribute.,proposed,not_reviewed,not_sampled,NIST IR 8477 supportive relationship mapping,regulatory_disclosure_requirement,not_audited,example_of,,,False,,,,keep,"Passes T1–T3: the control's stated activity bears on the element as written, and the rationale matches the source text and the control text."
GM-CMP-03>HTI:B3.i,GM-CMP-03,HTI:B3.i,ONC HTI-1 (b)(11),source_attribute,(B)(3)(i),"Description of tasks, situations, or populations where a user is cautioned against applying the intervention",supports,example_of,Use monitoring flags use against the stated cautioned uses.,proposed,not_reviewed,not_sampled,NIST IR 8477 supportive relationship mapping,regulatory_disclosure_requirement,revised,integral_to,As (B)(2)(i): the cautioned-use description does not depend on enforcing it.,,False,,,,not_applicable,
GM-CMP-03>RMF:MAP-3.3,GM-CMP-03,RMF:MAP-3.3,AI RMF 1.0,subcategory,MAP 3.3,MAP 3.3,supports,example_of,Monitoring enforces the documented application scope after deployment.,proposed,not_reviewed,not_sampled,NIST IR 8477 supportive relationship mapping,guidance,not_audited,example_of,,,False,,,,keep,"Passes T1–T3: the control's stated activity bears on the element as written, and the rationale matches the source text and the control text."
GM-CMP-03>RMF:MAP-1.1,GM-CMP-03,RMF:MAP-1.1,AI RMF 1.0,subcategory,MAP 1.1,MAP 1.1,supports,example_of,Use monitoring checks deployment against the documented intended purposes.,proposed,not_reviewed,not_sampled,NIST IR 8477 supportive relationship mapping,guidance,not_audited,example_of,,,False,,,,keep,"Passes T1–T3: the control's stated activity bears on the element as written, and the rationale matches the source text and the control text."
GM-CMP-03>RMF:MAP-2.2,GM-CMP-03,RMF:MAP-2.2,AI RMF 1.0,subcategory,MAP 2.2,MAP 2.2,supports,example_of,Out-of-scope flags check that documented knowledge limits are respected.,proposed,not_reviewed,not_sampled,NIST IR 8477 supportive relationship mapping,guidance,not_audited,example_of,,,False,,,,keep,"Passes T1–T3: the control's stated activity bears on the element as written, and the rationale matches the source text and the control text."
GM-CMP-03>RMF:MEASURE-2.6,GM-CMP-03,RMF:MEASURE-2.6,AI RMF 1.0,subcategory,MEASURE 2.6,MEASURE 2.6,supports,example_of,Catching use beyond the system's limits supports safe operation.,accepted,Accept,random_sample,NIST IR 8477 supportive relationship mapping,guidance,not_audited,example_of,,,False,,,,keep,"Passes T1–T3: the control's stated activity bears on the element as written, and the rationale matches the source text and the control text."
GM-LSI-01>A84:LSI-G2,GM-LSI-01,A84:LSI-G2,NIST AI 800-4,category_gap,LSI-G2,Capturing large-scale impacts within incident logging,supports,example_of,Impact fields are one way to capture large-scale impacts in incident logging.,accepted,Accept,random_sample,NIST IR 8477 supportive relationship mapping,monitoring_challenge,revised,integral_to,AI 800-4 rule.,,False,,,,not_applicable,
GM-LSI-01>A84:LSI,GM-LSI-01,A84:LSI,NIST AI 800-4,monitoring_category,LSI,Large-Scale Impacts Monitoring,supports,example_of,Aggregated impact data are one measure of wide downstream effects.,proposed,not_reviewed,not_sampled,NIST IR 8477 supportive relationship mapping,monitoring_challenge,revised,integral_to,AI 800-4 rule.,,False,,,,not_applicable,
GM-LSI-01>RMF:MANAGE-4.3,GM-LSI-01,RMF:MANAGE-4.3,AI RMF 1.0,subcategory,MANAGE 4.3,MANAGE 4.3,supports,integral_to,Tracking incidents and errors requires that they be recorded; that record is this control's core.,accepted,Accept,census_integral_to,NIST IR 8477 supportive relationship mapping,guidance,supported,integral_to,MANAGE 4.3 requires processes for 'tracking ... incidents and errors' to be followed and documented; incidents cannot be tracked unless they are recorded. Impact fields are an extra.,,False,,,,not_applicable,
GM-LSI-01>RMF:MEASURE-3.1,GM-LSI-01,RMF:MEASURE-3.1,AI RMF 1.0,subcategory,MEASURE 3.1,MEASURE 3.1,supports,example_of,Aggregated logs identify emergent risks.,accepted,Accept,random_sample,NIST IR 8477 supportive relationship mapping,guidance,not_audited,example_of,,,False,,,,keep,"Passes T1–T3: the control's stated activity bears on the element as written, and the rationale matches the source text and the control text."
GM-LSI-01>RMF:MAP-5.1,GM-LSI-01,RMF:MAP-5.1,AI RMF 1.0,subcategory,MAP 5.1,MAP 5.1,supports,example_of,Logged incidents inform the likelihood and magnitude of each impact.,proposed,not_reviewed,not_sampled,NIST IR 8477 supportive relationship mapping,guidance,not_audited,example_of,,,False,,,,keep,"Passes T1–T3: the control's stated activity bears on the element as written, and the rationale matches the source text and the control text."
GM-LSI-01>RMF:GOVERN-4.3,GM-LSI-01,RMF:GOVERN-4.3,AI RMF 1.0,subcategory,GOVERN 4.3,GOVERN 4.3,supports,example_of,A shared log supports identifying incidents across teams.,proposed,not_reviewed,not_sampled,NIST IR 8477 supportive relationship mapping,guidance,not_audited,example_of,,,False,,,,keep,"Passes T1–T3: the control's stated activity bears on the element as written, and the rationale matches the source text and the control text."
GM-LSI-01>HTI:B3.ii,GM-LSI-01,HTI:B3.ii,ONC HTI-1 (b)(11),source_attribute,(B)(3)(ii),"Known risks, inappropriate settings, inappropriate uses, or known limitations",supports,example_of,Confirmed incident patterns become known risks in the source-attribute record.,accepted,Accept,random_sample,NIST IR 8477 supportive relationship mapping,regulatory_disclosure_requirement,not_audited,example_of,,,False,,,,keep,"Passes T1–T3: the control's stated activity bears on the element as written, and the rationale matches the source text and the control text."
GM-LSI-02>A84:LSI-G1,GM-LSI-02,A84:LSI-G1,NIST AI 800-4,category_gap,LSI-G1,Defining metrics for beneficial impacts to humans,supports,example_of,Defining benefit measures is one response to the gap in metrics for beneficial impacts.,proposed,not_reviewed,not_sampled,NIST IR 8477 supportive relationship mapping,monitoring_challenge,revised,integral_to,AI 800-4 rule.,,False,,,,not_applicable,
GM-LSI-02>A84:LSI,GM-LSI-02,A84:LSI,NIST AI 800-4,monitoring_category,LSI,Large-Scale Impacts Monitoring,supports,example_of,Population-level benefit measures are one form of large-scale impact monitoring.,proposed,not_reviewed,not_sampled,NIST IR 8477 supportive relationship mapping,monitoring_challenge,revised,integral_to,AI 800-4 rule.,,False,,,,not_applicable,
GM-LSI-02>HTI:B7.v,GM-LSI-02,HTI:B7.v,ONC HTI-1 (b)(11),source_attribute,(B)(7)(v),"References to evaluation of use of the intervention on outcomes, including, bibliographic citations or hyperlinks to evaluations of how well the intervention reduced morbidity, mortality, length of stay, or other outcomes",supports,example_of,A local outcome evaluation adds a reference the attribute can cite.,accepted,Accept,random_sample,NIST IR 8477 supportive relationship mapping,regulatory_disclosure_requirement,revised,integral_to,(B)(7)(v) asks for 'references to evaluation of use ... on outcomes'; external evaluations can be cited without local benefit measurement.,,False,,,,not_applicable,
GM-LSI-02>RMF:MANAGE-1.1,GM-LSI-02,RMF:MANAGE-1.1,AI RMF 1.0,subcategory,MANAGE 1.1,MANAGE 1.1,supports,example_of,Measured benefit informs the determination of whether the system achieves its intended purposes.,proposed,not_reviewed,not_sampled,NIST IR 8477 supportive relationship mapping,guidance,not_audited,example_of,,,False,,,,keep,"Passes T1–T3: the control's stated activity bears on the element as written, and the rationale matches the source text and the control text."
GM-LSI-02>RMF:MAP-3.1,GM-LSI-02,RMF:MAP-3.1,AI RMF 1.0,subcategory,MAP 3.1,MAP 3.1,supports,example_of,Realized benefits update the potential benefits examined before deployment.,proposed,not_reviewed,not_sampled,NIST IR 8477 supportive relationship mapping,guidance,not_audited,example_of,,,False,,,,keep,"Passes T1–T3: the control's stated activity bears on the element as written, and the rationale matches the source text and the control text."
GM-LSI-02>RMF:MAP-1.4,GM-LSI-02,RMF:MAP-1.4,AI RMF 1.0,subcategory,MAP 1.4,MAP 1.4,supports,example_of,Benefit review re-evaluates the business value of an existing system.,proposed,not_reviewed,not_sampled,NIST IR 8477 supportive relationship mapping,guidance,not_audited,example_of,,,False,,,,keep,"Passes T1–T3: the control's stated activity bears on the element as written, and the rationale matches the source text and the control text."
GM-LSI-02>RMF:MAP-5.1,GM-LSI-02,RMF:MAP-5.1,AI RMF 1.0,subcategory,MAP 5.1,MAP 5.1,supports,example_of,Measured effects update the likelihood and magnitude of identified impacts.,proposed,not_reviewed,not_sampled,NIST IR 8477 supportive relationship mapping,guidance,not_audited,example_of,,,False,,,,keep,"Passes T1–T3: the control's stated activity bears on the element as written, and the rationale matches the source text and the control text."
GM-LSI-02>RMF:MANAGE-2.2,GM-LSI-02,RMF:MANAGE-2.2,AI RMF 1.0,subcategory,MANAGE 2.2,MANAGE 2.2,supports,example_of,Showing realized benefit is part of sustaining value.,proposed,not_reviewed,not_sampled,NIST IR 8477 supportive relationship mapping,guidance,not_audited,example_of,,,False,,,,keep,"Passes T1–T3: the control's stated activity bears on the element as written, and the rationale matches the source text and the control text."
GM-LSI-02>RMF:MEASURE-4.3,GM-LSI-02,RMF:MEASURE-4.3,AI RMF 1.0,subcategory,MEASURE 4.3,MEASURE 4.3,supports,example_of,Field data on outcomes document performance improvements or declines.,proposed,not_reviewed,not_sampled,NIST IR 8477 supportive relationship mapping,guidance,not_audited,example_of,,,False,,,,keep,"Passes T1–T3: the control's stated activity bears on the element as written, and the rationale matches the source text and the control text."
GM-LSI-03>RMF:MEASURE-3.3,GM-LSI-03,RMF:MEASURE-3.3,AI RMF 1.0,subcategory,MEASURE 3.3,MEASURE 3.3,supports,integral_to,"An appeal route for impacted communities, integrated into metrics, is what this subcategory asks for.",accepted,Accept,census_integral_to,NIST IR 8477 supportive relationship mapping,guidance,supported,integral_to,MEASURE 3.3 reads 'Feedback processes for ... impacted communities to report problems and appeal system outcomes are established and integrated into AI system evaluation metrics'; the core of LSI-03 is that route.,,False,,,,not_applicable,
GM-LSI-03>RMF:MAP-5.2,GM-LSI-03,RMF:MAP-5.2,AI RMF 1.0,subcategory,MAP 5.2,MAP 5.2,supports,example_of,Engagement with affected communities is one practice for regular engagement with relevant AI actors.,proposed,not_reviewed,not_sampled,NIST IR 8477 supportive relationship mapping,guidance,revised,integral_to,MAP 5.2 asks for engagement with 'relevant AI actors'; engagement with affected communities specifically is not required by the text.,,False,,,,not_applicable,
GM-LSI-03>RMF:GOVERN-5.1,GM-LSI-03,RMF:GOVERN-5.1,AI RMF 1.0,subcategory,GOVERN 5.1,GOVERN 5.1,supports,example_of,A patient and community reporting route is one way to collect feedback from people external to the team.,proposed,not_reviewed,not_sampled,NIST IR 8477 supportive relationship mapping,guidance,revised,integral_to,"GOVERN 5.1 asks for feedback from 'those external to the team'; clinician users and external reviewers are also external to the team, so a patient-facing route is not required.",,False,,,,not_applicable,
GM-LSI-03>RMF:MEASURE-1.3,GM-LSI-03,RMF:MEASURE-1.3,AI RMF 1.0,subcategory,MEASURE 1.3,MEASURE 1.3,supports,example_of,Affected communities are consulted in support of assessments.,proposed,not_reviewed,not_sampled,NIST IR 8477 supportive relationship mapping,guidance,not_audited,example_of,,,False,,,,keep,"Passes T1–T3: the control's stated activity bears on the element as written, and the rationale matches the source text and the control text."
GM-LSI-03>RMF:MANAGE-4.3,GM-LSI-03,RMF:MANAGE-4.3,AI RMF 1.0,subcategory,MANAGE 4.3,MANAGE 4.3,supports,example_of,Engagement is a channel for communicating incidents and errors to affected communities.,proposed,not_reviewed,not_sampled,NIST IR 8477 supportive relationship mapping,guidance,not_audited,example_of,,,False,,,,keep,"Passes T1–T3: the control's stated activity bears on the element as written, and the rationale matches the source text and the control text."
GM-LSI-03>RMF:MEASURE-4.3,GM-LSI-03,RMF:MEASURE-4.3,AI RMF 1.0,subcategory,MEASURE 4.3,MEASURE 4.3,supports,example_of,Community input identifies performance changes in context-relevant terms.,proposed,not_reviewed,not_sampled,NIST IR 8477 supportive relationship mapping,guidance,not_audited,example_of,,,False,,,,keep,"Passes T1–T3: the control's stated activity bears on the element as written, and the rationale matches the source text and the control text."
GM-LSI-03>A84:LSI,GM-LSI-03,A84:LSI,NIST AI 800-4,monitoring_category,LSI,Large-Scale Impacts Monitoring,supports,example_of,Community reports surface downstream impacts not visible in system data.,proposed,not_reviewed,not_sampled,NIST IR 8477 supportive relationship mapping,monitoring_challenge,not_audited,example_of,,,False,,,,keep,"Passes T1–T3: the control's stated activity bears on the element as written, and the rationale matches the source text and the control text."
